Compound_Name,condition_avg_ddG++,condition_1_ddG++,condition_2_ddG++,condition_3_ddG++,condition_1_ee,condition_2_ee,condition_3_ee,log_ddG++,log_ddG++_+1,HOMO_Boltz,HOMO_Boltz_stdev,HOMO_min,HOMO_max,HOMO_range,HOMO_low_E,LUMO_Boltz,LUMO_Boltz_stdev,LUMO_min,LUMO_max,LUMO_range,LUMO_low_E,μ_Boltz,μ_Boltz_stdev,μ_min,μ_max,μ_range,μ_low_E,η_Boltz,η_Boltz_stdev,η_min,η_max,η_range,η_low_E,ω_Boltz,ω_Boltz_stdev,ω_min,ω_max,ω_range,ω_low_E,polar_iso(au)_Boltz,polar_iso(au)_Boltz_stdev,polar_iso(au)_min,polar_iso(au)_max,polar_iso(au)_range,polar_iso(au)_low_E,polar_aniso(au)_Boltz,polar_aniso(au)_Boltz_stdev,polar_aniso(au)_min,polar_aniso(au)_max,polar_aniso(au)_range,polar_aniso(au)_low_E,dipole(Debye)_Boltz,dipole(Debye)_Boltz_stdev,dipole(Debye)_min,dipole(Debye)_max,dipole(Debye)_range,dipole(Debye)_low_E,volume(Bohr_radius³/mol)_Boltz,volume(Bohr_radius³/mol)_Boltz_stdev,volume(Bohr_radius³/mol)_min,volume(Bohr_radius³/mol)_max,volume(Bohr_radius³/mol)_range,volume(Bohr_radius³/mol)_low_E,SASA_surface_area(Å²)_Boltz,SASA_surface_area(Å²)_Boltz_stdev,SASA_surface_area(Å²)_min,SASA_surface_area(Å²)_max,SASA_surface_area(Å²)_range,SASA_surface_area(Å²)_low_E,SASA_volume(Å³)_Boltz,SASA_volume(Å³)_Boltz_stdev,SASA_volume(Å³)_min,SASA_volume(Å³)_max,SASA_volume(Å³)_range,SASA_volume(Å³)_low_E,SASA_sphericity_Boltz,SASA_sphericity_Boltz_stdev,SASA_sphericity_min,SASA_sphericity_max,SASA_sphericity_range,SASA_sphericity_low_E,NBO_charge_N1_Boltz,NBO_charge_N1_Boltz_stdev,NBO_charge_N1_min,NBO_charge_N1_max,NBO_charge_N1_range,NBO_charge_N1_low_E,NBO_charge_C1_Boltz,NBO_charge_C1_Boltz_stdev,NBO_charge_C1_min,NBO_charge_C1_max,NBO_charge_C1_range,NBO_charge_C1_low_E,NBO_charge_C2_Boltz,NBO_charge_C2_Boltz_stdev,NBO_charge_C2_min,NBO_charge_C2_max,NBO_charge_C2_range,NBO_charge_C2_low_E,NBO_charge_C3_Boltz,NBO_charge_C3_Boltz_stdev,NBO_charge_C3_min,NBO_charge_C3_max,NBO_charge_C3_range,NBO_charge_C3_low_E,NMR_shift_N1_Boltz,NMR_shift_N1_Boltz_stdev,NMR_shift_N1_min,NMR_shift_N1_max,NMR_shift_N1_range,NMR_shift_N1_low_E,NMR_shift_C1_Boltz,NMR_shift_C1_Boltz_stdev,NMR_shift_C1_min,NMR_shift_C1_max,NMR_shift_C1_range,NMR_shift_C1_low_E,NMR_shift_C2_Boltz,NMR_shift_C2_Boltz_stdev,NMR_shift_C2_min,NMR_shift_C2_max,NMR_shift_C2_range,NMR_shift_C2_low_E,NMR_shift_C3_Boltz,NMR_shift_C3_Boltz_stdev,NMR_shift_C3_min,NMR_shift_C3_max,NMR_shift_C3_range,NMR_shift_C3_low_E,%Vbur_N1_3.0Å_Boltz,%Vbur_N1_3.0Å_Boltz_stdev,%Vbur_N1_3.0Å_min,%Vbur_N1_3.0Å_max,%Vbur_N1_3.0Å_range,%Vbur_N1_3.0Å_low_E,%Vbur_C1_3.0Å_Boltz,%Vbur_C1_3.0Å_Boltz_stdev,%Vbur_C1_3.0Å_min,%Vbur_C1_3.0Å_max,%Vbur_C1_3.0Å_range,%Vbur_C1_3.0Å_low_E,%Vbur_C2_3.0Å_Boltz,%Vbur_C2_3.0Å_Boltz_stdev,%Vbur_C2_3.0Å_min,%Vbur_C2_3.0Å_max,%Vbur_C2_3.0Å_range,%Vbur_C2_3.0Å_low_E,%Vbur_C3_3.0Å_Boltz,%Vbur_C3_3.0Å_Boltz_stdev,%Vbur_C3_3.0Å_min,%Vbur_C3_3.0Å_max,%Vbur_C3_3.0Å_range,%Vbur_C3_3.0Å_low_E,%Vbur_N1_3.5Å_Boltz,%Vbur_N1_3.5Å_Boltz_stdev,%Vbur_N1_3.5Å_min,%Vbur_N1_3.5Å_max,%Vbur_N1_3.5Å_range,%Vbur_N1_3.5Å_low_E,%Vbur_C1_3.5Å_Boltz,%Vbur_C1_3.5Å_Boltz_stdev,%Vbur_C1_3.5Å_min,%Vbur_C1_3.5Å_max,%Vbur_C1_3.5Å_range,%Vbur_C1_3.5Å_low_E,%Vbur_C2_3.5Å_Boltz,%Vbur_C2_3.5Å_Boltz_stdev,%Vbur_C2_3.5Å_min,%Vbur_C2_3.5Å_max,%Vbur_C2_3.5Å_range,%Vbur_C2_3.5Å_low_E,%Vbur_C3_3.5Å_Boltz,%Vbur_C3_3.5Å_Boltz_stdev,%Vbur_C3_3.5Å_min,%Vbur_C3_3.5Å_max,%Vbur_C3_3.5Å_range,%Vbur_C3_3.5Å_low_E,%Vbur_N1_4.0Å_Boltz,%Vbur_N1_4.0Å_Boltz_stdev,%Vbur_N1_4.0Å_min,%Vbur_N1_4.0Å_max,%Vbur_N1_4.0Å_range,%Vbur_N1_4.0Å_low_E,%Vbur_C1_4.0Å_Boltz,%Vbur_C1_4.0Å_Boltz_stdev,%Vbur_C1_4.0Å_min,%Vbur_C1_4.0Å_max,%Vbur_C1_4.0Å_range,%Vbur_C1_4.0Å_low_E,%Vbur_C2_4.0Å_Boltz,%Vbur_C2_4.0Å_Boltz_stdev,%Vbur_C2_4.0Å_min,%Vbur_C2_4.0Å_max,%Vbur_C2_4.0Å_range,%Vbur_C2_4.0Å_low_E,%Vbur_C3_4.0Å_Boltz,%Vbur_C3_4.0Å_Boltz_stdev,%Vbur_C3_4.0Å_min,%Vbur_C3_4.0Å_max,%Vbur_C3_4.0Å_range,%Vbur_C3_4.0Å_low_E,%Vbur_N1_4.5Å_Boltz,%Vbur_N1_4.5Å_Boltz_stdev,%Vbur_N1_4.5Å_min,%Vbur_N1_4.5Å_max,%Vbur_N1_4.5Å_range,%Vbur_N1_4.5Å_low_E,%Vbur_C1_4.5Å_Boltz,%Vbur_C1_4.5Å_Boltz_stdev,%Vbur_C1_4.5Å_min,%Vbur_C1_4.5Å_max,%Vbur_C1_4.5Å_range,%Vbur_C1_4.5Å_low_E,%Vbur_C2_4.5Å_Boltz,%Vbur_C2_4.5Å_Boltz_stdev,%Vbur_C2_4.5Å_min,%Vbur_C2_4.5Å_max,%Vbur_C2_4.5Å_range,%Vbur_C2_4.5Å_low_E,%Vbur_C3_4.5Å_Boltz,%Vbur_C3_4.5Å_Boltz_stdev,%Vbur_C3_4.5Å_min,%Vbur_C3_4.5Å_max,%Vbur_C3_4.5Å_range,%Vbur_C3_4.5Å_low_E,%Vbur_N1_5.0Å_Boltz,%Vbur_N1_5.0Å_Boltz_stdev,%Vbur_N1_5.0Å_min,%Vbur_N1_5.0Å_max,%Vbur_N1_5.0Å_range,%Vbur_N1_5.0Å_low_E,%Vbur_C1_5.0Å_Boltz,%Vbur_C1_5.0Å_Boltz_stdev,%Vbur_C1_5.0Å_min,%Vbur_C1_5.0Å_max,%Vbur_C1_5.0Å_range,%Vbur_C1_5.0Å_low_E,%Vbur_C2_5.0Å_Boltz,%Vbur_C2_5.0Å_Boltz_stdev,%Vbur_C2_5.0Å_min,%Vbur_C2_5.0Å_max,%Vbur_C2_5.0Å_range,%Vbur_C2_5.0Å_low_E,%Vbur_C3_5.0Å_Boltz,%Vbur_C3_5.0Å_Boltz_stdev,%Vbur_C3_5.0Å_min,%Vbur_C3_5.0Å_max,%Vbur_C3_5.0Å_range,%Vbur_C3_5.0Å_low_E,Buried_Sterimol_L_N1_C1_3.0(Å)_Boltz,Buried_Sterimol_L_N1_C1_3.0(Å)_Boltz_stdev,Buried_Sterimol_L_N1_C1_3.0(Å)_min,Buried_Sterimol_L_N1_C1_3.0(Å)_max,Buried_Sterimol_L_N1_C1_3.0(Å)_range,Buried_Sterimol_L_N1_C1_3.0(Å)_low_E,Buried_Sterimol_B1_N1_C1_3.0(Å)_Boltz,Buried_Sterimol_B1_N1_C1_3.0(Å)_Boltz_stdev,Buried_Sterimol_B1_N1_C1_3.0(Å)_min,Buried_Sterimol_B1_N1_C1_3.0(Å)_max,Buried_Sterimol_B1_N1_C1_3.0(Å)_range,Buried_Sterimol_B1_N1_C1_3.0(Å)_low_E,Buried_Sterimol_B5_N1_C1_3.0(Å)_Boltz,Buried_Sterimol_B5_N1_C1_3.0(Å)_Boltz_stdev,Buried_Sterimol_B5_N1_C1_3.0(Å)_min,Buried_Sterimol_B5_N1_C1_3.0(Å)_max,Buried_Sterimol_B5_N1_C1_3.0(Å)_range,Buried_Sterimol_B5_N1_C1_3.0(Å)_low_E,Buried_Sterimol_L_C1_C2_3.0(Å)_Boltz,Buried_Sterimol_L_C1_C2_3.0(Å)_Boltz_stdev,Buried_Sterimol_L_C1_C2_3.0(Å)_min,Buried_Sterimol_L_C1_C2_3.0(Å)_max,Buried_Sterimol_L_C1_C2_3.0(Å)_range,Buried_Sterimol_L_C1_C2_3.0(Å)_low_E,Buried_Sterimol_B1_C1_C2_3.0(Å)_Boltz,Buried_Sterimol_B1_C1_C2_3.0(Å)_Boltz_stdev,Buried_Sterimol_B1_C1_C2_3.0(Å)_min,Buried_Sterimol_B1_C1_C2_3.0(Å)_max,Buried_Sterimol_B1_C1_C2_3.0(Å)_range,Buried_Sterimol_B1_C1_C2_3.0(Å)_low_E,Buried_Sterimol_B5_C1_C2_3.0(Å)_Boltz,Buried_Sterimol_B5_C1_C2_3.0(Å)_Boltz_stdev,Buried_Sterimol_B5_C1_C2_3.0(Å)_min,Buried_Sterimol_B5_C1_C2_3.0(Å)_max,Buried_Sterimol_B5_C1_C2_3.0(Å)_range,Buried_Sterimol_B5_C1_C2_3.0(Å)_low_E,Buried_Sterimol_L_C1_C3_3.0(Å)_Boltz,Buried_Sterimol_L_C1_C3_3.0(Å)_Boltz_stdev,Buried_Sterimol_L_C1_C3_3.0(Å)_min,Buried_Sterimol_L_C1_C3_3.0(Å)_max,Buried_Sterimol_L_C1_C3_3.0(Å)_range,Buried_Sterimol_L_C1_C3_3.0(Å)_low_E,Buried_Sterimol_B1_C1_C3_3.0(Å)_Boltz,Buried_Sterimol_B1_C1_C3_3.0(Å)_Boltz_stdev,Buried_Sterimol_B1_C1_C3_3.0(Å)_min,Buried_Sterimol_B1_C1_C3_3.0(Å)_max,Buried_Sterimol_B1_C1_C3_3.0(Å)_range,Buried_Sterimol_B1_C1_C3_3.0(Å)_low_E,Buried_Sterimol_B5_C1_C3_3.0(Å)_Boltz,Buried_Sterimol_B5_C1_C3_3.0(Å)_Boltz_stdev,Buried_Sterimol_B5_C1_C3_3.0(Å)_min,Buried_Sterimol_B5_C1_C3_3.0(Å)_max,Buried_Sterimol_B5_C1_C3_3.0(Å)_range,Buried_Sterimol_B5_C1_C3_3.0(Å)_low_E,pyramidalization_Gavrish_C1(°)_Boltz,pyramidalization_Gavrish_C1(°)_Boltz_stdev,pyramidalization_Gavrish_C1(°)_min,pyramidalization_Gavrish_C1(°)_max,pyramidalization_Gavrish_C1(°)_range,pyramidalization_Gavrish_C1(°)_low_E,pyramidalization_Agranat-Radhakrishnan_C1_Boltz,pyramidalization_Agranat-Radhakrishnan_C1_Boltz_stdev,pyramidalization_Agranat-Radhakrishnan_C1_min,pyramidalization_Agranat-Radhakrishnan_C1_max,pyramidalization_Agranat-Radhakrishnan_C1_range,pyramidalization_Agranat-Radhakrishnan_C1_low_E,P_int,Quad_XX,Quad_YY,Quad_ZZ,Quad_XY,Quad_XZ,Quad_YZ,Quad_Magnitude,Quad_Magnitude_Invariant,Buried_Sterimol_L_N1_C1_5.0(Å)_Boltz,Buried_Sterimol_L_N1_C1_5.0(Å)_Boltz_stdev,Buried_Sterimol_L_N1_C1_5.0(Å)_min,Buried_Sterimol_L_N1_C1_5.0(Å)_max,Buried_Sterimol_L_N1_C1_5.0(Å)_range,Buried_Sterimol_L_N1_C1_5.0(Å)_low_E,Buried_Sterimol_B1_N1_C1_5.0(Å)_Boltz,Buried_Sterimol_B1_N1_C1_5.0(Å)_Boltz_stdev,Buried_Sterimol_B1_N1_C1_5.0(Å)_min,Buried_Sterimol_B1_N1_C1_5.0(Å)_max,Buried_Sterimol_B1_N1_C1_5.0(Å)_range,Buried_Sterimol_B1_N1_C1_5.0(Å)_low_E,Buried_Sterimol_B5_N1_C1_5.0(Å)_Boltz,Buried_Sterimol_B5_N1_C1_5.0(Å)_Boltz_stdev,Buried_Sterimol_B5_N1_C1_5.0(Å)_min,Buried_Sterimol_B5_N1_C1_5.0(Å)_max,Buried_Sterimol_B5_N1_C1_5.0(Å)_range,Buried_Sterimol_B5_N1_C1_5.0(Å)_low_E,Buried_Sterimol_L_C1_C2_5.0(Å)_Boltz,Buried_Sterimol_L_C1_C2_5.0(Å)_Boltz_stdev,Buried_Sterimol_L_C1_C2_5.0(Å)_min,Buried_Sterimol_L_C1_C2_5.0(Å)_max,Buried_Sterimol_L_C1_C2_5.0(Å)_range,Buried_Sterimol_L_C1_C2_5.0(Å)_low_E,Buried_Sterimol_B1_C1_C2_5.0(Å)_Boltz,Buried_Sterimol_B1_C1_C2_5.0(Å)_Boltz_stdev,Buried_Sterimol_B1_C1_C2_5.0(Å)_min,Buried_Sterimol_B1_C1_C2_5.0(Å)_max,Buried_Sterimol_B1_C1_C2_5.0(Å)_range,Buried_Sterimol_B1_C1_C2_5.0(Å)_low_E,Buried_Sterimol_B5_C1_C2_5.0(Å)_Boltz,Buried_Sterimol_B5_C1_C2_5.0(Å)_Boltz_stdev,Buried_Sterimol_B5_C1_C2_5.0(Å)_min,Buried_Sterimol_B5_C1_C2_5.0(Å)_max,Buried_Sterimol_B5_C1_C2_5.0(Å)_range,Buried_Sterimol_B5_C1_C2_5.0(Å)_low_E,Buried_Sterimol_L_C1_C3_5.0(Å)_Boltz,Buried_Sterimol_L_C1_C3_5.0(Å)_Boltz_stdev,Buried_Sterimol_L_C1_C3_5.0(Å)_min,Buried_Sterimol_L_C1_C3_5.0(Å)_max,Buried_Sterimol_L_C1_C3_5.0(Å)_range,Buried_Sterimol_L_C1_C3_5.0(Å)_low_E,Buried_Sterimol_B1_C1_C3_5.0(Å)_Boltz,Buried_Sterimol_B1_C1_C3_5.0(Å)_Boltz_stdev,Buried_Sterimol_B1_C1_C3_5.0(Å)_min,Buried_Sterimol_B1_C1_C3_5.0(Å)_max,Buried_Sterimol_B1_C1_C3_5.0(Å)_range,Buried_Sterimol_B1_C1_C3_5.0(Å)_low_E,Buried_Sterimol_B5_C1_C3_5.0(Å)_Boltz,Buried_Sterimol_B5_C1_C3_5.0(Å)_Boltz_stdev,Buried_Sterimol_B5_C1_C3_5.0(Å)_min,Buried_Sterimol_B5_C1_C3_5.0(Å)_max,Buried_Sterimol_B5_C1_C3_5.0(Å)_range,Buried_Sterimol_B5_C1_C3_5.0(Å)_low_E
oxoammo1,1.416241277,1.3,1.538956182,1.409767648,81,87,84,0.11430526,0.361727836,-0.27581,0,-0.27581,-0.27581,0,-0.27581,0.02716,0,0.02716,0.02716,0,0.02716,-0.124325,0,-0.124325,-0.124325,0,-0.124325,0.30297,0,0.30297,0.30297,0,0.30297,0.02551,0,0.02551,0.02551,0,0.02551,137.931,0,137.931,137.931,0,137.931,65.5524,0,65.5524,65.5524,0,65.5524,1.3922,0,1.3922,1.3922,0,1.3922,1771.541,0,1771.541,1771.541,0,1771.541,372.5416252,0,372.5416252,372.5416252,0,372.5416252,566.652503,0,566.652503,566.652503,0,566.652503,0.888901954,0,0.888901954,0.888901954,0,0.888901954,-0.8346,0,-0.8346,-0.8346,0,-0.8346,-0.06489,0,-0.06489,-0.06489,0,-0.06489,-0.04248,0,-0.04248,-0.04248,0,-0.04248,-0.5972,0,-0.5972,-0.5972,0,-0.5972,210.0862,0,210.0862,210.0862,0,210.0862,133.3507,0,133.3507,133.3507,0,133.3507,23.0433,0,23.0433,23.0433,0,23.0433,162.7619,0,162.7619,162.7619,0,162.7619,59.62082837,0,59.62082837,59.62082837,0,59.62082837,83.13189064,0,83.13189064,83.13189064,0,83.13189064,85.20094607,0,85.20094607,85.20094607,0,85.20094607,60.44211859,0,60.44211859,60.44211859,0,60.44211859,51.24918468,0,51.24918468,51.24918468,0,51.24918468,69.50416977,0,69.50416977,69.50416977,0,69.50416977,77.64512672,0,77.64512672,77.64512672,0,77.64512672,50.87122624,0,50.87122624,50.87122624,0,50.87122624,43.90284588,0,43.90284588,43.90284588,0,43.90284588,55.2223636,0,55.2223636,55.2223636,0,55.2223636,67.00468624,0,67.00468624,67.00468624,0,67.00468624,43.23482403,0,43.23482403,43.23482403,0,43.23482403,36.76461011,0,36.76461011,36.76461011,0,36.76461011,44.49298802,0,44.49298802,44.49298802,0,44.49298802,53.9683918,0,53.9683918,53.9683918,0,53.9683918,36.62784387,0,36.62784387,36.62784387,0,36.62784387,30.60669011,0,30.60669011,30.60669011,0,30.60669011,35.87122765,0,35.87122765,35.87122765,0,35.87122765,41.47180789,0,41.47180789,41.47180789,0,41.47180789,30.95790893,0,30.95790893,30.95790893,0,30.95790893,5.249452417,0,5.249452417,5.249452417,0,5.249452417,2.00838608,0,2.00838608,2.00838608,0,2.00838608,4.551035489,0,4.551035489,4.551035489,0,4.551035489,5.776236827,0,5.776236827,5.776236827,0,5.776236827,2.670542759,0,2.670542759,2.670542759,0,2.670542759,4.278640359,0,4.278640359,4.278640359,0,4.278640359,3.630082818,0,3.630082818,3.630082818,0,3.630082818,2.062904069,0,2.062904069,2.062904069,0,2.062904069,5.374352237,0,5.374352237,5.374352237,0,5.374352237,5.538442497,0,5.538442497,5.538442497,0,5.538442497,0.759895427,0,0.759895427,0.759895427,0,0.759895427,17.22653473,4.3301,-1.1274,-3.2026,-2.7275,1.911,-0.5686,7.28741449,10.67253787,6.19032248,0,6.19032248,6.19032248,0,6.19032248,2.090744502,0,2.090744502,2.090744502,0,2.090744502,5.811673183,0,5.811673183,5.811673183,0,5.811673183,6.458402239,0,6.458402239,6.458402239,0,6.458402239,2.670542759,0,2.670542759,2.670542759,0,2.670542759,4.493012051,0,4.493012051,4.493012051,0,4.493012051,3.630082818,0,3.630082818,3.630082818,0,3.630082818,2.062904069,0,2.062904069,2.062904069,0,2.062904069,5.780764806,0,5.780764806,5.780764806,0,5.780764806
oxoammo10,0.003848251,0,0.011544753,0,0,1,0,,0,-0.29261,0,-0.29261,-0.29261,0,-0.29261,0.05696,0,0.05696,0.05696,0,0.05696,-0.117825,0,-0.117825,-0.117825,0,-0.117825,0.34957,0,0.34957,0.34957,0,0.34957,0.01986,0,0.01986,0.01986,0,0.01986,87.3456,0,87.3456,87.3456,0,87.3456,14.8859,0,14.8859,14.8859,0,14.8859,1.6601,0,1.6601,1.6601,0,1.6601,1066.251,0,1066.251,1066.251,0,1066.251,294.6593192,0,294.6593192,294.6593192,0,294.6593192,427.619222,0,427.619222,427.619222,0,427.619222,0.931541247,0,0.931541247,0.931541247,0,0.931541247,-0.82317,0,-0.82317,-0.82317,0,-0.82317,-0.07071,0,-0.07071,-0.07071,0,-0.07071,0.06631,0,0.06631,0.06631,0,0.06631,-0.4085,0,-0.4085,-0.4085,0,-0.4085,226.8948,0,226.8948,226.8948,0,226.8948,125.103,0,125.103,125.103,0,125.103,98.3799,0,98.3799,98.3799,0,98.3799,136.8265,0,136.8265,136.8265,0,136.8265,51.92844905,0,51.92844905,51.92844905,0,51.92844905,77.42383045,0,77.42383045,77.42383045,0,77.42383045,75.6238826,0,75.6238826,75.6238826,0,75.6238826,73.58555572,0,73.58555572,73.58555572,0,73.58555572,43.48676854,0,43.48676854,43.48676854,0,43.48676854,63.56282613,0,63.56282613,63.56282613,0,63.56282613,64.11724283,0,64.11724283,64.11724283,0,64.11724283,64.58197447,0,64.58197447,64.58197447,0,64.58197447,36.57439017,0,36.57439017,36.57439017,0,36.57439017,49.64426479,0,49.64426479,49.64426479,0,49.64426479,51.89971138,0,51.89971138,51.89971138,0,51.89971138,54.66839426,0,54.66839426,54.66839426,0,54.66839426,30.54608805,0,30.54608805,30.54608805,0,30.54608805,38.95639762,0,38.95639762,38.95639762,0,38.95639762,40.40384031,0,40.40384031,40.40384031,0,40.40384031,43.1198984,0,43.1198984,43.1198984,0,43.1198984,25.2546435,0,25.2546435,25.2546435,0,25.2546435,30.48271893,0,30.48271893,30.48271893,0,30.48271893,30.92322065,0,30.92322065,30.92322065,0,30.92322065,32.06340071,0,32.06340071,32.06340071,0,32.06340071,5.609885396,0,5.609885396,5.609885396,0,5.609885396,1.991989135,0,1.991989135,1.991989135,0,1.991989135,4.515002545,0,4.515002545,4.515002545,0,4.515002545,4.463868268,0,4.463868268,4.463868268,0,4.463868268,2.01248575,0,2.01248575,2.01248575,0,2.01248575,5.367440692,0,5.367440692,5.367440692,0,5.367440692,5.46913967,0,5.46913967,5.46913967,0,5.46913967,1.875393824,0,1.875393824,1.875393824,0,1.875393824,4.412447299,0,4.412447299,4.412447299,0,4.412447299,5.199827825,0,5.199827825,5.199827825,0,5.199827825,0.721055653,0,0.721055653,0.721055653,0,0.721055653,15.53363118,1.6301,-4.2481,2.618,-2.1143,-3.1442,-0.8482,7.596637833,11.48000277,6.12147843,0,6.12147843,6.12147843,0,6.12147843,1.991989135,0,1.991989135,1.991989135,0,1.991989135,4.905073482,0,4.905073482,4.905073482,0,4.905073482,4.463868268,0,4.463868268,4.463868268,0,4.463868268,2.01248575,0,2.01248575,2.01248575,0,2.01248575,5.367440692,0,5.367440692,5.367440692,0,5.367440692,5.569200995,0,5.569200995,5.569200995,0,5.569200995,1.875393824,0,1.875393824,1.875393824,0,1.875393824,4.54583846,0,4.54583846,4.54583846,0,4.54583846
oxoammo11,0.018734041,0.01,0,0.046202124,1,0,4,-1.9376154,0.004321374,-0.26278,0,-0.26278,-0.26278,0,-0.26278,0.02719,0,0.02719,0.02719,0,0.02719,-0.117795,0,-0.117795,-0.117795,0,-0.117795,0.28997,0,0.28997,0.28997,0,0.28997,0.02393,0,0.02393,0.02393,0,0.02393,137.714,0,137.714,137.714,0,137.714,76.0424,0,76.0424,76.0424,0,76.0424,1.155,0,1.155,1.155,0,1.155,1493.129,0,1493.129,1493.129,0,1493.129,374.2105424,0,374.2105424,374.2105424,0,374.2105424,564.2184086,0,564.2184086,564.2184086,0,564.2184086,0.882401573,0,0.882401573,0.882401573,0,0.882401573,-0.82708,0,-0.82708,-0.82708,0,-0.82708,-0.05843,0,-0.05843,-0.05843,0,-0.05843,-0.06297,0,-0.06297,-0.06297,0,-0.06297,-0.39687,0,-0.39687,-0.39687,0,-0.39687,217.1563,0,217.1563,217.1563,0,217.1563,134.2763,0,134.2763,134.2763,0,134.2763,27.4222,0,27.4222,27.4222,0,27.4222,153.0832,0,153.0832,153.0832,0,153.0832,54.85790375,0,54.85790375,54.85790375,0,54.85790375,79.51150924,0,79.51150924,79.51150924,0,79.51150924,82.33108611,0,82.33108611,82.33108611,0,82.33108611,69.81711859,0,69.81711859,69.81711859,0,69.81711859,45.5314713,0,45.5314713,45.5314713,0,45.5314713,65.73856224,0,65.73856224,65.73856224,0,65.73856224,72.77185054,0,72.77185054,72.77185054,0,72.77185054,58.50785035,0,58.50785035,58.50785035,0,58.50785035,37.58146608,0,37.58146608,37.58146608,0,37.58146608,52.60613866,0,52.60613866,52.60613866,0,52.60613866,61.40137173,0,61.40137173,61.40137173,0,61.40137173,47.25847247,0,47.25847247,47.25847247,0,47.25847247,31.33954932,0,31.33954932,31.33954932,0,31.33954932,42.32996483,0,42.32996483,42.32996483,0,42.32996483,49.81438868,0,49.81438868,49.81438868,0,49.81438868,38.13932789,0,38.13932789,38.13932789,0,38.13932789,26.85641418,0,26.85641418,26.85641418,0,26.85641418,33.69256725,0,33.69256725,33.69256725,0,33.69256725,38.904284,0,38.904284,38.904284,0,38.904284,30.61595345,0,30.61595345,30.61595345,0,30.61595345,5.607958829,0,5.607958829,5.607958829,0,5.607958829,1.996901142,0,1.996901142,1.996901142,0,1.996901142,4.256502026,0,4.256502026,4.256502026,0,4.256502026,5.790799784,0,5.790799784,5.790799784,0,5.790799784,1.993809131,0,1.993809131,1.993809131,0,1.993809131,4.371435213,0,4.371435213,4.371435213,0,4.371435213,4.295511487,0,4.295511487,4.295511487,0,4.295511487,2.023992568,0,2.023992568,2.023992568,0,2.023992568,5.454559126,0,5.454559126,5.454559126,0,5.454559126,5.386841105,0,5.386841105,5.386841105,0,5.386841105,0.742768108,0,0.742768108,0.742768108,0,0.742768108,17.35351381,8.6398,-1.45,-7.1898,-3.4863,4.1594,2.594,14.17072095,20.24265779,6.72605772,0,6.72605772,6.72605772,0,6.72605772,1.996901142,0,1.996901142,1.996901142,0,1.996901142,5.810350642,0,5.810350642,5.810350642,0,5.810350642,7.569416073,0,7.569416073,7.569416073,0,7.569416073,1.993809131,0,1.993809131,1.993809131,0,1.993809131,4.488093496,0,4.488093496,4.488093496,0,4.488093496,4.295511487,0,4.295511487,4.295511487,0,4.295511487,2.023992568,0,2.023992568,2.023992568,0,2.023992568,6.94341182,0,6.94341182,6.94341182,0,6.94341182
oxoammo12,0.136830651,0.12,0.104181211,0.186310741,10,9,16,-0.9361759,0.049218023,-0.2857,0,-0.2857,-0.2857,0,-0.2857,0.02804,0,0.02804,0.02804,0,0.02804,-0.12883,0,-0.12883,-0.12883,0,-0.12883,0.31374,0,0.31374,0.31374,0,0.31374,0.02645,0,0.02645,0.02645,0,0.02645,118.11,0,118.11,118.11,0,118.11,57.575,0,57.575,57.575,0,57.575,1.6982,0,1.6982,1.6982,0,1.6982,1357.58,0,1357.58,1357.58,0,1357.58,330.7512254,0,330.7512254,330.7512254,0,330.7512254,489.8332519,0,489.8332519,489.8332519,0,489.8332519,0.908548617,0,0.908548617,0.908548617,0,0.908548617,-0.82702,0,-0.82702,-0.82702,0,-0.82702,-0.0637,0,-0.0637,-0.0637,0,-0.0637,-0.02795,0,-0.02795,-0.02795,0,-0.02795,-0.39643,0,-0.39643,-0.39643,0,-0.39643,217.4437,0,217.4437,217.4437,0,217.4437,133.6621,0,133.6621,133.6621,0,133.6621,17.3264,0,17.3264,17.3264,0,17.3264,153.3245,0,153.3245,153.3245,0,153.3245,54.93891538,0,54.93891538,54.93891538,0,54.93891538,79.5562053,0,79.5562053,79.5562053,0,79.5562053,82.34970948,0,82.34970948,82.34970948,0,82.34970948,69.79756406,0,69.79756406,69.79756406,0,69.79756406,45.57049012,0,45.57049012,45.57049012,0,45.57049012,65.77175736,0,65.77175736,65.77175736,0,65.77175736,72.80155143,0,72.80155143,72.80155143,0,72.80155143,58.50144428,0,58.50144428,58.50144428,0,58.50144428,37.61172491,0,37.61172491,37.61172491,0,37.61172491,52.66277698,0,52.66277698,52.66277698,0,52.66277698,61.42930296,0,61.42930296,61.42930296,0,61.42930296,47.24295512,0,47.24295512,47.24295512,0,47.24295512,31.35908736,0,31.35908736,31.35908736,0,31.35908736,42.36768409,0,42.36768409,42.36768409,0,42.36768409,49.3897078,0,49.3897078,49.3897078,0,49.3897078,38.14177015,0,38.14177015,38.14177015,0,38.14177015,26.86390369,0,26.86390369,26.86390369,0,26.86390369,33.71562707,0,33.71562707,33.71562707,0,33.71562707,37.48009366,0,37.48009366,37.48009366,0,37.48009366,30.62580808,0,30.62580808,30.62580808,0,30.62580808,5.607707985,0,5.607707985,5.607707985,0,5.607707985,1.995997299,0,1.995997299,1.995997299,0,1.995997299,4.255389339,0,4.255389339,4.255389339,0,4.255389339,5.78045085,0,5.78045085,5.78045085,0,5.78045085,1.993283029,0,1.993283029,1.993283029,0,1.993283029,4.369350572,0,4.369350572,4.369350572,0,4.369350572,4.293818224,0,4.293818224,4.293818224,0,4.293818224,2.021850242,0,2.021850242,2.021850242,0,2.021850242,5.452938768,0,5.452938768,5.452938768,0,5.452938768,5.388022161,0,5.388022161,5.388022161,0,5.388022161,0.742632534,0,0.742632534,0.742632534,0,0.742632534,17.22505233,3.6429,1.6005,-5.2434,1.0321,-2.9295,-2.757,8.821681446,12.97990155,6.724886745,0,6.724886745,6.724886745,0,6.724886745,1.995997299,0,1.995997299,1.995997299,0,1.995997299,5.813421243,0,5.813421243,5.813421243,0,5.813421243,6.887972752,0,6.887972752,6.887972752,0,6.887972752,1.993283029,0,1.993283029,1.993283029,0,1.993283029,4.486652918,0,4.486652918,4.486652918,0,4.486652918,4.293818224,0,4.293818224,4.293818224,0,4.293818224,2.021850242,0,2.021850242,2.021850242,0,2.021850242,6.245721393,0,6.245721393,6.245721393,0,6.245721393
oxoammo14,0.808828,0.84,0.855918081,0.730565919,62,63,56,-0.0772888,0.264817823,-0.29269,0,-0.29269,-0.29269,0,-0.29269,0.0039,0,0.0039,0.0039,0,0.0039,-0.144395,0,-0.144395,-0.144395,0,-0.144395,0.29659,0,0.29659,0.29659,0,0.29659,0.03515,0,0.03515,0.03515,0,0.03515,161.305,0,161.305,161.305,0,161.305,105.163,0,105.163,105.163,0,105.163,1.5782,0,1.5782,1.5782,0,1.5782,1528.008,0,1528.008,1528.008,0,1528.008,415.4825218,0,415.4825218,415.4825218,0,415.4825218,631.9656524,0,631.9656524,631.9656524,0,631.9656524,0.857156946,0,0.857156946,0.857156946,0,0.857156946,-0.82191,0,-0.82191,-0.82191,0,-0.82191,-0.06182,0,-0.06182,-0.06182,0,-0.06182,-0.03217,0,-0.03217,-0.03217,0,-0.03217,-0.41859,0,-0.41859,-0.41859,0,-0.41859,221.0106,0,221.0106,221.0106,0,221.0106,123.3452,0,123.3452,123.3452,0,123.3452,9.9061,0,9.9061,9.9061,0,9.9061,127.3768,0,127.3768,127.3768,0,127.3768,58.6607941,0,58.6607941,58.6607941,0,58.6607941,82.42234058,0,82.42234058,82.42234058,0,82.42234058,81.51445173,0,81.51445173,81.51445173,0,81.51445173,74.86498063,0,74.86498063,74.86498063,0,74.86498063,51.17405889,0,51.17405889,51.17405889,0,51.17405889,69.28694558,0,69.28694558,69.28694558,0,69.28694558,70.18437849,0,70.18437849,70.18437849,0,70.18437849,64.61633433,0,64.61633433,64.61633433,0,64.61633433,44.83466265,0,44.83466265,44.83466265,0,44.83466265,56.1821116,0,56.1821116,56.1821116,0,56.1821116,57.60233691,0,57.60233691,57.60233691,0,57.60233691,54.86197319,0,54.86197319,54.86197319,0,54.86197319,39.20442211,0,39.20442211,39.20442211,0,39.20442211,46.05440257,0,46.05440257,46.05440257,0,46.05440257,45.840841,0,45.840841,45.840841,0,45.840841,45.9871049,0,45.9871049,45.9871049,0,45.9871049,33.90838353,0,33.90838353,33.90838353,0,33.90838353,38.40879348,0,38.40879348,38.40879348,0,38.40879348,36.14656586,0,36.14656586,36.14656586,0,36.14656586,38.40800511,0,38.40800511,38.40800511,0,38.40800511,5.579590675,0,5.579590675,5.579590675,0,5.579590675,2.018002287,0,2.018002287,2.018002287,0,2.018002287,5.12489212,0,5.12489212,5.12489212,0,5.12489212,5.76313728,0,5.76313728,5.76313728,0,5.76313728,1.98712048,0,1.98712048,1.98712048,0,1.98712048,3.672006764,0,3.672006764,3.672006764,0,3.672006764,4.847599353,0,4.847599353,4.847599353,0,4.847599353,3.09444042,0,3.09444042,3.09444042,0,3.09444042,5.416168715,0,5.416168715,5.416168715,0,5.416168715,5.343343109,0,5.343343109,5.343343109,0,5.343343109,0.735125771,0,0.735125771,0.735125771,0,0.735125771,18.27000888,7.0302,0.747,-7.7772,-0.6515,-0.0941,1.9609,10.90978609,13.83367112,6.236501727,0,6.236501727,6.236501727,0,6.236501727,2.047771072,0,2.047771072,2.047771072,0,2.047771072,6.636043697,0,6.636043697,6.636043697,0,6.636043697,6.926412179,0,6.926412179,6.926412179,0,6.926412179,1.98712048,0,1.98712048,1.98712048,0,1.98712048,4.022198226,0,4.022198226,4.022198226,0,4.022198226,5.308480341,0,5.308480341,5.308480341,0,5.308480341,3.09444042,0,3.09444042,3.09444042,0,3.09444042,6.223164324,0,6.223164324,6.223164324,0,6.223164324
oxoammo15,0.740284899,0.67,0.713882145,0.836972553,52,55,62,-0.1769513,0.222716471,-0.2915,0,-0.2915,-0.2915,0,-0.2915,0.02482,0,0.02482,0.02482,0,0.02482,-0.13334,0,-0.13334,-0.13334,0,-0.13334,0.31632,0,0.31632,0.31632,0,0.31632,0.0281,0,0.0281,0.0281,0,0.0281,119.026,0,119.026,119.026,0,119.026,54.4092,0,54.4092,54.4092,0,54.4092,1.1985,0,1.1985,1.1985,0,1.1985,1567.917,0,1567.917,1567.917,0,1567.917,346.5816497,0,346.5816497,346.5816497,0,346.5816497,511.762955,0,511.762955,511.762955,0,511.762955,0.892738895,0,0.892738895,0.892738895,0,0.892738895,-0.83148,0,-0.83148,-0.83148,0,-0.83148,-0.05757,0,-0.05757,-0.05757,0,-0.05757,-0.02407,0,-0.02407,-0.02407,0,-0.02407,-0.22599,0,-0.22599,-0.22599,0,-0.22599,212.5121,0,212.5121,212.5121,0,212.5121,116.0242,0,116.0242,116.0242,0,116.0242,13.2736,0,13.2736,13.2736,0,13.2736,160.8514,0,160.8514,160.8514,0,160.8514,56.44554529,0,56.44554529,56.44554529,0,56.44554529,82.61881704,0,82.61881704,82.61881704,0,82.61881704,82.66723778,0,82.66723778,82.66723778,0,82.66723778,78.56171782,0,78.56171782,78.56171782,0,78.56171782,48.07992452,0,48.07992452,48.07992452,0,48.07992452,69.15765934,0,69.15765934,69.15765934,0,69.15765934,71.40910362,0,71.40910362,71.40910362,0,71.40910362,65.96161014,0,65.96161014,65.96161014,0,65.96161014,40.98674818,0,40.98674818,40.98674818,0,40.98674818,55.83141953,0,55.83141953,55.83141953,0,55.83141953,58.860018,0,58.860018,58.860018,0,58.860018,51.31509528,0,51.31509528,51.31509528,0,51.31509528,35.00483024,0,35.00483024,35.00483024,0,35.00483024,44.46042463,0,44.46042463,44.46042463,0,44.46042463,47.39547152,0,47.39547152,47.39547152,0,47.39547152,40.39624218,0,40.39624218,40.39624218,0,40.39624218,29.97146101,0,29.97146101,29.97146101,0,29.97146101,35.07418561,0,35.07418561,35.07418561,0,35.07418561,37.21362461,0,37.21362461,37.21362461,0,37.21362461,31.963869,0,31.963869,31.963869,0,31.963869,5.370928707,0,5.370928707,5.370928707,0,5.370928707,2.047426423,0,2.047426423,2.047426423,0,2.047426423,4.240886021,0,4.240886021,4.240886021,0,4.240886021,5.725265174,0,5.725265174,5.725265174,0,5.725265174,2.177792785,0,2.177792785,2.177792785,0,2.177792785,4.580912993,0,4.580912993,4.580912993,0,4.580912993,4.690379593,0,4.690379593,4.690379593,0,4.690379593,2.852583957,0,2.852583957,2.852583957,0,2.852583957,5.335378122,0,5.335378122,5.335378122,0,5.335378122,5.618653217,0,5.618653217,5.618653217,0,5.618653217,0.767403664,0,0.767403664,0.767403664,0,0.767403664,16.94567111,2.2779,-1.5846,-0.6932,1.7563,-2.3089,0.0018,5.001153476,7.922382253,5.838362423,0,5.838362423,5.838362423,0,5.838362423,2.056559474,0,2.056559474,2.056559474,0,2.056559474,5.785874467,0,5.785874467,5.785874467,0,5.785874467,6.912145228,0,6.912145228,6.912145228,0,6.912145228,2.177792785,0,2.177792785,2.177792785,0,2.177792785,4.580912993,0,4.580912993,4.580912993,0,4.580912993,4.690379593,0,4.690379593,4.690379593,0,4.690379593,2.852583957,0,2.852583957,2.852583957,0,2.852583957,6.222122009,0,6.222122009,6.222122009,0,6.222122009
oxoammo17,0.75417242,0.68,0.800194613,0.782322647,53,60,59,-0.166671,0.225309282,-0.29392,0,-0.29392,-0.29392,0,-0.29392,0.02213,0,0.02213,0.02213,0,0.02213,-0.135895,0,-0.135895,-0.135895,0,-0.135895,0.31605,0,0.31605,0.31605,0,0.31605,0.02922,0,0.02922,0.02922,0,0.02922,115.504,0,115.504,115.504,0,115.504,54.1918,0,54.1918,54.1918,0,54.1918,0.9704,0,0.9704,0.9704,0,0.9704,1651.287,0,1651.287,1651.287,0,1651.287,354.9611003,0,354.9611003,354.9611003,0,354.9611003,517.9091306,0,517.9091306,517.9091306,0,517.9091306,0.87862942,0,0.87862942,0.87862942,0,0.87862942,-0.8376,0,-0.8376,-0.8376,0,-0.8376,-0.08232,0,-0.08232,-0.08232,0,-0.08232,-0.03024,0,-0.03024,-0.03024,0,-0.03024,-0.05703,0,-0.05703,-0.05703,0,-0.05703,220.8924,0,220.8924,220.8924,0,220.8924,124.4874,0,124.4874,124.4874,0,124.4874,17.0625,0,17.0625,17.0625,0,17.0625,100.3865,0,100.3865,100.3865,0,100.3865,56.86922676,0,56.86922676,56.86922676,0,56.86922676,79.81972586,0,79.81972586,79.81972586,0,79.81972586,81.80032032,0,81.80032032,81.80032032,0,81.80032032,72.27167759,0,72.27167759,72.27167759,0,72.27167759,48.15330321,0,48.15330321,48.15330321,0,48.15330321,65.1218319,0,65.1218319,65.1218319,0,65.1218319,69.79651975,0,69.79651975,69.79651975,0,69.79651975,60.84315598,0,60.84315598,60.84315598,0,60.84315598,40.60657315,0,40.60657315,40.60657315,0,40.60657315,51.40897523,0,51.40897523,51.40897523,0,51.40897523,56.37607846,0,56.37607846,56.37607846,0,56.37607846,50.17689777,0,50.17689777,50.17689777,0,50.17689777,34.30254646,0,34.30254646,34.30254646,0,34.30254646,41.30991664,0,41.30991664,41.30991664,0,41.30991664,44.49760116,0,44.49760116,44.49760116,0,44.49760116,40.23885247,0,40.23885247,40.23885247,0,40.23885247,29.12514585,0,29.12514585,29.12514585,0,29.12514585,33.87034468,0,33.87034468,33.87034468,0,33.87034468,34.61653685,0,34.61653685,34.61653685,0,34.61653685,31.88128725,0,31.88128725,31.88128725,0,31.88128725,5.38832662,0,5.38832662,5.38832662,0,5.38832662,2.020421784,0,2.020421784,2.020421784,0,2.020421784,4.230240805,0,4.230240805,4.230240805,0,4.230240805,5.725606419,0,5.725606419,5.725606419,0,5.725606419,2.136599337,0,2.136599337,2.136599337,0,2.136599337,4.371380762,0,4.371380762,4.371380762,0,4.371380762,5.452178365,0,5.452178365,5.452178365,0,5.452178365,2.307831651,0,2.307831651,2.307831651,0,2.307831651,5.356270221,0,5.356270221,5.356270221,0,5.356270221,5.181423816,0,5.181423816,5.181423816,0,5.181423816,0.719982167,0,0.719982167,0.719982167,0,0.719982167,16.56708179,3.186,-1.1764,-2.0096,-0.4299,0.5157,-0.2018,4.06890312,5.12917246,5.941525626,0,5.941525626,5.941525626,0,5.941525626,2.020421784,0,2.020421784,2.020421784,0,2.020421784,5.785845206,0,5.785845206,5.785845206,0,5.785845206,6.909149512,0,6.909149512,6.909149512,0,6.909149512,2.136599337,0,2.136599337,2.136599337,0,2.136599337,4.511782309,0,4.511782309,4.511782309,0,4.511782309,5.452178365,0,5.452178365,5.452178365,0,5.452178365,2.307831651,0,2.307831651,2.307831651,0,2.307831651,6.248481346,0,6.248481346,6.248481346,0,6.248481346
oxoammo18,0.61530458,0.45,0.665347822,0.730565919,37,52,56,-0.3483248,0.161368002,-0.26364,0,-0.26364,-0.26364,0,-0.26364,-0.01487,0,-0.01487,-0.01487,0,-0.01487,-0.139255,0,-0.139255,-0.139255,0,-0.139255,0.24877,0,0.24877,0.24877,0,0.24877,0.03898,0,0.03898,0.03898,0,0.03898,146.878,0,146.878,146.878,0,146.878,92.3073,0,92.3073,92.3073,0,92.3073,1.2935,0,1.2935,1.2935,0,1.2935,1657.799,0,1657.799,1657.799,0,1657.799,364.3622486,0,364.3622486,364.3622486,0,364.3622486,550.7002497,0,550.7002497,550.7002497,0,550.7002497,0.891718137,0,0.891718137,0.891718137,0,0.891718137,-0.83312,0,-0.83312,-0.83312,0,-0.83312,-0.06793,0,-0.06793,-0.06793,0,-0.06793,0.00333,0,0.00333,0.00333,0,0.00333,-0.59964,0,-0.59964,-0.59964,0,-0.59964,211.3511,0,211.3511,211.3511,0,211.3511,134.8197,0,134.8197,134.8197,0,134.8197,17.5772,0,17.5772,17.5772,0,17.5772,157.2353,0,157.2353,157.2353,0,157.2353,55.74158224,0,55.74158224,55.74158224,0,55.74158224,80.44360846,0,80.44360846,80.44360846,0,80.44360846,83.15237634,0,83.15237634,83.15237634,0,83.15237634,59.2409118,0,59.2409118,59.2409118,0,59.2409118,46.28331159,0,46.28331159,46.28331159,0,46.28331159,65.39263418,0,65.39263418,65.39263418,0,65.39263418,73.21736396,0,73.21736396,73.21736396,0,73.21736396,49.15730991,0,49.15730991,49.15730991,0,49.15730991,38.35035069,0,38.35035069,38.35035069,0,38.35035069,50.28474334,0,50.28474334,50.28474334,0,50.28474334,61.37421637,0,61.37421637,61.37421637,0,61.37421637,40.87114394,0,40.87114394,40.87114394,0,40.87114394,31.61199635,0,31.61199635,31.61199635,0,31.61199635,39.74090396,0,39.74090396,39.74090396,0,39.74090396,49.54845432,0,49.54845432,49.54845432,0,49.54845432,34.00052101,0,34.00052101,34.00052101,0,34.00052101,26.28937908,0,26.28937908,26.28937908,0,26.28937908,32.4889234,0,32.4889234,32.4889234,0,32.4889234,39.19263032,0,39.19263032,39.19263032,0,39.19263032,28.3704787,0,28.3704787,28.3704787,0,28.3704787,5.444293978,0,5.444293978,5.444293978,0,5.444293978,2.00083673,0,2.00083673,2.00083673,0,2.00083673,4.199312996,0,4.199312996,4.199312996,0,4.199312996,5.728661424,0,5.728661424,5.728661424,0,5.728661424,2.213442253,0,2.213442253,2.213442253,0,2.213442253,4.213353907,0,4.213353907,4.213353907,0,4.213353907,3.630084821,0,3.630084821,3.630084821,0,3.630084821,2.003123308,0,2.003123308,2.003123308,0,2.003123308,5.258442838,0,5.258442838,5.258442838,0,5.258442838,5.497002801,0,5.497002801,5.497002801,0,5.497002801,0.755670556,0,0.755670556,0.755670556,0,0.755670556,18.15315572,3.7461,3.2646,-7.0107,-3.654,-3.7573,1.0999,11.45418663,16.81766884,7.628504787,0,7.628504787,7.628504787,0,7.628504787,2.00083673,0,2.00083673,2.00083673,0,2.00083673,5.779117485,0,5.779117485,5.779117485,0,5.779117485,6.938387458,0,6.938387458,6.938387458,0,6.938387458,2.283600619,0,2.283600619,2.283600619,0,2.283600619,5.739143386,0,5.739143386,5.739143386,0,5.739143386,3.630084821,0,3.630084821,3.630084821,0,3.630084821,2.003123308,0,2.003123308,2.003123308,0,2.003123308,6.890485482,0,6.890485482,6.890485482,0,6.890485482
oxoammo19,0.652337276,0.545160619,0.68128529,0.730565919,44,53,56,-0.263475524,0.188973631,-0.26485,0,-0.26485,-0.26485,0,-0.26485,-0.01267,0,-0.01267,-0.01267,0,-0.01267,-0.13876,0,-0.13876,-0.13876,0,-0.13876,0.25218,0,0.25218,0.25218,0,0.25218,0.03818,0,0.03818,0.03818,0,0.03818,150.313,0,150.313,150.313,0,150.313,111.554,0,111.554,111.554,0,111.554,1.3567,0,1.3567,1.3567,0,1.3567,1704.392,0,1704.392,1704.392,0,1704.392,374.5222307,0,374.5222307,374.5222307,0,374.5222307,561.5514489,0,561.5514489,561.5514489,0,561.5514489,0.878886697,0,0.878886697,0.878886697,0,0.878886697,-0.83352,0,-0.83352,-0.83352,0,-0.83352,-0.06315,0,-0.06315,-0.06315,0,-0.06315,-0.02189,0,-0.02189,-0.02189,0,-0.02189,-0.59619,0,-0.59619,-0.59619,0,-0.59619,208.1975,0,208.1975,208.1975,0,208.1975,127.9987,0,127.9987,127.9987,0,127.9987,14.7827,0,14.7827,14.7827,0,14.7827,154.3394,0,154.3394,154.3394,0,154.3394,55.13259833,0,55.13259833,55.13259833,0,55.13259833,78.06726758,0,78.06726758,78.06726758,0,78.06726758,81.9669994,0,81.9669994,81.9669994,0,81.9669994,57.15695769,0,57.15695769,57.15695769,0,57.15695769,46.08239378,0,46.08239378,46.08239378,0,46.08239378,62.34275997,0,62.34275997,62.34275997,0,62.34275997,70.09236396,0,70.09236396,70.09236396,0,70.09236396,46.61351565,0,46.61351565,46.61351565,0,46.61351565,37.99306375,0,37.99306375,37.99306375,0,37.99306375,46.96247905,0,46.96247905,46.96247905,0,46.96247905,57.03246229,0,57.03246229,57.03246229,0,57.03246229,38.20797902,0,38.20797902,38.20797902,0,38.20797902,30.83481678,0,30.83481678,30.83481678,0,30.83481678,36.33151702,0,36.33151702,36.33151702,0,36.33151702,45.47206061,0,45.47206061,45.47206061,0,45.47206061,31.18460186,0,31.18460186,31.18460186,0,31.18460186,25.14269496,0,25.14269496,25.14269496,0,25.14269496,29.14288417,0,29.14288417,29.14288417,0,29.14288417,36.00800984,0,36.00800984,36.00800984,0,36.00800984,25.35003627,0,25.35003627,25.35003627,0,25.35003627,5.188902093,0,5.188902093,5.188902093,0,5.188902093,1.988741618,0,1.988741618,1.988741618,0,1.988741618,4.239020975,0,4.239020975,4.239020975,0,4.239020975,5.748266605,0,5.748266605,5.748266605,0,5.748266605,2.254906551,0,2.254906551,2.254906551,0,2.254906551,3.268912487,0,3.268912487,3.268912487,0,3.268912487,3.628676537,0,3.628676537,3.628676537,0,3.628676537,1.990205248,0,1.990205248,1.990205248,0,1.990205248,5.376205402,0,5.376205402,5.376205402,0,5.376205402,5.483975272,0,5.483975272,5.483975272,0,5.483975272,0.75347985,0,0.75347985,0.75347985,0,0.75347985,17.85308465,6.3135,0.8138,-7.1273,-3.9368,-2.805,1.4361,11.92386527,17.01629371,5.714887908,0,5.714887908,5.714887908,0,5.714887908,1.988741618,0,1.988741618,1.988741618,0,1.988741618,5.781266471,0,5.781266471,5.781266471,0,5.781266471,7.865438343,0,7.865438343,7.865438343,0,7.865438343,2.473121522,0,2.473121522,2.473121522,0,2.473121522,4.446536821,0,4.446536821,4.446536821,0,4.446536821,3.628676537,0,3.628676537,3.628676537,0,3.628676537,1.990205248,0,1.990205248,1.990205248,0,1.990205248,7.164230664,0,7.164230664,7.164230664,0,7.164230664
oxoammo2,1.859620765,1.91,1.834431147,1.834431147,93,92,92,0.28205684,0.463892989,-0.23897,0,-0.23897,-0.23897,0,-0.23897,-0.03989,0,-0.03989,-0.03989,0,-0.03989,-0.13943,0,-0.13943,-0.13943,0,-0.13943,0.19908,0,0.19908,0.19908,0,0.19908,0.04883,0,0.04883,0.04883,0,0.04883,303.438,0,303.438,303.438,0,303.438,155.766,0,155.766,155.766,0,155.766,2.054,0,2.054,2.054,0,2.054,2654.067,0,2654.067,2654.067,0,2654.067,576.2038989,0,576.2038989,576.2038989,0,576.2038989,949.8661086,0,949.8661086,949.8661086,0,949.8661086,0.810991296,0,0.810991296,0.810991296,0,0.810991296,-0.83419,0,-0.83419,-0.83419,0,-0.83419,-0.06649,0,-0.06649,-0.06649,0,-0.06649,-0.59717,0,-0.59717,-0.59717,0,-0.59717,-0.03174,0,-0.03174,-0.03174,0,-0.03174,210.2027,0,210.2027,210.2027,0,210.2027,133.1392,0,133.1392,133.1392,0,133.1392,162.4817,0,162.4817,162.4817,0,162.4817,20.2933,0,20.2933,20.2933,0,20.2933,59.67576728,0,59.67576728,59.67576728,0,59.67576728,83.12257896,0,83.12257896,83.12257896,0,83.12257896,60.43560042,0,60.43560042,60.43560042,0,60.43560042,85.34620828,0,85.34620828,85.34620828,0,85.34620828,51.29344484,0,51.29344484,51.29344484,0,51.29344484,69.50475214,0,69.50475214,69.50475214,0,69.50475214,50.89102684,0,50.89102684,50.89102684,0,50.89102684,78.56410734,0,78.56410734,78.56410734,0,78.56410734,43.95521693,0,43.95521693,43.95521693,0,43.95521693,55.2545621,0,55.2545621,55.2545621,0,55.2545621,43.23753957,0,43.23753957,43.23753957,0,43.23753957,69.04017441,0,69.04017441,69.04017441,0,69.04017441,36.81589745,0,36.81589745,36.81589745,0,36.81589745,44.72011766,0,44.72011766,44.72011766,0,44.72011766,36.76271058,0,36.76271058,36.76271058,0,36.76271058,57.07548194,0,57.07548194,57.07548194,0,57.07548194,30.80279714,0,30.80279714,30.80279714,0,30.80279714,36.54351014,0,36.54351014,36.54351014,0,36.54351014,31.33790325,0,31.33790325,31.33790325,0,31.33790325,45.18621299,0,45.18621299,45.18621299,0,45.18621299,5.24958905,0,5.24958905,5.24958905,0,5.24958905,2.00777357,0,2.00777357,2.00777357,0,2.00777357,4.549175662,0,4.549175662,4.549175662,0,4.549175662,3.630115657,0,3.630115657,3.630115657,0,3.630115657,2.057898982,0,2.057898982,2.057898982,0,2.057898982,5.375329265,0,5.375329265,5.375329265,0,5.375329265,5.775729827,0,5.775729827,5.775729827,0,5.775729827,2.67235904,0,2.67235904,2.67235904,0,2.67235904,4.280196894,0,4.280196894,4.280196894,0,4.280196894,5.531687784,0,5.531687784,5.531687784,0,5.531687784,0.759148724,0,0.759148724,0.759148724,0,0.759148724,20.44604963,12.7652,1.2807,-14.0458,-4.457,4.5039,0.1061,21.02849172,27.99606866,6.189394164,0,6.189394164,6.189394164,0,6.189394164,2.092486082,0,2.092486082,2.092486082,0,2.092486082,5.817598276,0,5.817598276,5.817598276,0,5.817598276,3.630115657,0,3.630115657,3.630115657,0,3.630115657,2.057898982,0,2.057898982,2.057898982,0,2.057898982,7.16994693,0,7.16994693,7.16994693,0,7.16994693,7.941451332,0,7.941451332,7.941451332,0,7.941451332,3.126836549,0,3.126836549,3.126836549,0,3.126836549,4.494459626,0,4.494459626,4.494459626,0,4.494459626
oxoammo20,0.204600999,0.19,0.319621785,0.104181211,16,27,9,-0.7297621,0.075546961,-0.26868,0,-0.26868,-0.26868,0,-0.26868,0.02682,0,0.02682,0.02682,0,0.02682,-0.12093,0,-0.12093,-0.12093,0,-0.12093,0.2955,0,0.2955,0.2955,0,0.2955,0.02474,0,0.02474,0.02474,0,0.02474,134.362,0,134.362,134.362,0,134.362,62.0642,0,62.0642,62.0642,0,62.0642,1.4701,0,1.4701,1.4701,0,1.4701,1611.004,0,1611.004,1611.004,0,1611.004,384.8212352,0,384.8212352,384.8212352,0,384.8212352,578.2191805,0,578.2191805,578.2191805,0,578.2191805,0.872208051,0,0.872208051,0.872208051,0,0.872208051,-0.82036,0,-0.82036,-0.82036,0,-0.82036,-0.06395,0,-0.06395,-0.06395,0,-0.06395,-0.12822,0,-0.12822,-0.12822,0,-0.12822,-0.60312,0,-0.60312,-0.60312,0,-0.60312,211.7122,0,211.7122,211.7122,0,211.7122,140.4782,0,140.4782,140.4782,0,140.4782,44.7429,0,44.7429,44.7429,0,44.7429,163.5983,0,163.5983,163.5983,0,163.5983,55.05344905,0,55.05344905,55.05344905,0,55.05344905,80.56000447,0,80.56000447,80.56000447,0,80.56000447,83.59933701,0,83.59933701,83.59933701,0,83.59933701,58.4363826,0,58.4363826,58.4363826,0,58.4363826,47.4748416,0,47.4748416,47.4748416,0,47.4748416,65.59588148,0,65.59588148,65.59588148,0,65.59588148,74.40307026,0,74.40307026,74.40307026,0,74.40307026,48.25114145,0,48.25114145,48.25114145,0,48.25114145,41.1364906,0,41.1364906,41.1364906,0,41.1364906,51.11996462,0,51.11996462,51.11996462,0,51.11996462,63.94970827,0,63.94970827,63.94970827,0,63.94970827,40.57592639,0,40.57592639,40.57592639,0,40.57592639,35.23060307,0,35.23060307,35.23060307,0,35.23060307,41.92617879,0,41.92617879,41.92617879,0,41.92617879,53.07425538,0,53.07425538,53.07425538,0,53.07425538,34.33022534,0,34.33022534,34.33022534,0,34.33022534,30.25212072,0,30.25212072,30.25212072,0,30.25212072,35.54030936,0,35.54030936,35.54030936,0,35.54030936,42.48249819,0,42.48249819,42.48249819,0,42.48249819,29.35613825,0,29.35613825,29.35613825,0,29.35613825,4.842025592,0,4.842025592,4.842025592,0,4.842025592,2.005098826,0,2.005098826,2.005098826,0,2.005098826,4.304856748,0,4.304856748,4.304856748,0,4.304856748,5.728639937,0,5.728639937,5.728639937,0,5.728639937,2.756525417,0,2.756525417,2.756525417,0,2.756525417,3.869449839,0,3.869449839,3.869449839,0,3.869449839,3.628367652,0,3.628367652,3.628367652,0,3.628367652,2.012684255,0,2.012684255,2.012684255,0,2.012684255,4.924058674,0,4.924058674,4.924058674,0,4.924058674,5.73599989,0,5.73599989,5.73599989,0,5.73599989,0.780307909,0,0.780307909,0.780307909,0,0.780307909,17.19695061,7.3271,0.6775,-8.0046,3.3893,-1.4501,-1.0063,12.14185283,16.2771385,5.733694565,0,5.733694565,5.733694565,0,5.733694565,2.293220404,0,2.293220404,2.293220404,0,2.293220404,5.900337965,0,5.900337965,5.900337965,0,5.900337965,6.921340706,0,6.921340706,6.921340706,0,6.921340706,3.039911823,0,3.039911823,3.039911823,0,3.039911823,5.454867384,0,5.454867384,5.454867384,0,5.454867384,3.628367652,0,3.628367652,3.628367652,0,3.628367652,2.228759131,0,2.228759131,2.228759131,0,2.228759131,6.02159347,0,6.02159347,6.02159347,0,6.02159347
oxoammo21,0.011030605,0.01,0.023091815,0,1,2,0,-1.9376154,0.004321374,-0.26714,0,-0.26714,-0.26714,0,-0.26714,0.02303,0,0.02303,0.02303,0,0.02303,-0.122055,0,-0.122055,-0.122055,0,-0.122055,0.29017,0,0.29017,0.29017,0,0.29017,0.02567,0,0.02567,0.02567,0,0.02567,130.536,0,130.536,130.536,0,130.536,75.2328,0,75.2328,75.2328,0,75.2328,2.0213,0,2.0213,2.0213,0,2.0213,1585.446,0,1585.446,1585.446,0,1585.446,377.7807595,0,377.7807595,377.7807595,0,377.7807595,561.2847992,0,561.2847992,561.2847992,0,561.2847992,0.871030059,0,0.871030059,0.871030059,0,0.871030059,-0.83871,0,-0.83871,-0.83871,0,-0.83871,-0.05531,0,-0.05531,-0.05531,0,-0.05531,-0.38957,0,-0.38957,-0.38957,0,-0.38957,-0.05988,0,-0.05988,-0.05988,0,-0.05988,214.8403,0,214.8403,214.8403,0,214.8403,123.0045,0,123.0045,123.0045,0,123.0045,145.6513,0,145.6513,145.6513,0,145.6513,21.913,0,21.913,21.913,0,21.913,58.20545292,0,58.20545292,58.20545292,0,58.20545292,81.19133641,0,81.19133641,81.19133641,0,81.19133641,70.71010876,0,70.71010876,70.71010876,0,70.71010876,82.1625447,0,82.1625447,82.1625447,0,82.1625447,49.88469064,0,49.88469064,49.88469064,0,49.88469064,67.18400578,0,67.18400578,67.18400578,0,67.18400578,58.73264536,0,58.73264536,58.73264536,0,58.73264536,70.05683936,0,70.05683936,70.05683936,0,70.05683936,42.20524797,0,42.20524797,42.20524797,0,42.20524797,52.94558066,0,52.94558066,52.94558066,0,52.94558066,46.45040655,0,46.45040655,46.45040655,0,46.45040655,56.69961517,0,56.69961517,56.69961517,0,56.69961517,35.20672325,0,35.20672325,35.20672325,0,35.20672325,41.45455236,0,41.45455236,41.45455236,0,41.45455236,37.01806183,0,37.01806183,37.01806183,0,37.01806183,45.27695163,0,45.27695163,45.27695163,0,45.27695163,28.91070922,0,28.91070922,28.91070922,0,28.91070922,32.69488506,0,32.69488506,32.69488506,0,32.69488506,29.51381224,0,29.51381224,29.51381224,0,29.51381224,36.30778752,0,36.30778752,36.30778752,0,36.30778752,5.261923717,0,5.261923717,5.261923717,0,5.261923717,2.061798495,0,2.061798495,2.061798495,0,2.061798495,4.259906559,0,4.259906559,4.259906559,0,4.259906559,4.738870808,0,4.738870808,4.738870808,0,4.738870808,2.585693376,0,2.585693376,2.585693376,0,2.585693376,5.348450833,0,5.348450833,5.348450833,0,5.348450833,5.727988696,0,5.727988696,5.727988696,0,5.727988696,2.187720337,0,2.187720337,2.187720337,0,2.187720337,3.666306725,0,3.666306725,3.666306725,0,3.666306725,5.496601027,0,5.496601027,5.496601027,0,5.496601027,0.75507,0,0.75507,0.75507,0,0.75507,16.86362932,6.4501,-2.5567,-3.8934,-3.4762,-1.6446,-0.2761,9.645148111,13.56974737,5.783743051,0,5.783743051,5.783743051,0,5.783743051,2.077936496,0,2.077936496,2.077936496,0,2.077936496,5.801633438,0,5.801633438,5.801633438,0,5.801633438,4.738870808,0,4.738870808,4.738870808,0,4.738870808,2.585693376,0,2.585693376,2.585693376,0,2.585693376,6.9021908,0,6.9021908,6.9021908,0,6.9021908,7.598994976,0,7.598994976,7.598994976,0,7.598994976,2.187720337,0,2.187720337,2.187720337,0,2.187720337,3.666306725,0,3.666306725,3.666306725,0,3.666306725
oxoammo22,0.759239605,0.73,0.747524201,0.800194613,56,57,60,-0.1363406,0.238046103,-0.29099,0,-0.29099,-0.29099,0,-0.29099,0.01292,0,0.01292,0.01292,0,0.01292,-0.139035,0,-0.139035,-0.139035,0,-0.139035,0.30391,0,0.30391,0.30391,0,0.30391,0.0318,0,0.0318,0.0318,0,0.0318,111.157,0,111.157,111.157,0,111.157,55.5405,0,55.5405,55.5405,0,55.5405,2.567,0,2.567,2.567,0,2.567,1578.495,0,1578.495,1578.495,0,1578.495,344.3803613,0,344.3803613,344.3803613,0,344.3803613,504.3328985,0,504.3328985,504.3328985,0,504.3328985,0.889728044,0,0.889728044,0.889728044,0,0.889728044,-0.83842,0,-0.83842,-0.83842,0,-0.83842,-0.05774,0,-0.05774,-0.05774,0,-0.05774,-0.04341,0,-0.04341,-0.04341,0,-0.04341,-0.38942,0,-0.38942,-0.38942,0,-0.38942,215.4621,0,215.4621,215.4621,0,215.4621,123.1597,0,123.1597,123.1597,0,123.1597,17.4308,0,17.4308,17.4308,0,17.4308,145.6913,0,145.6913,145.6913,0,145.6913,58.29484505,0,58.29484505,58.29484505,0,58.29484505,81.16991955,0,81.16991955,81.16991955,0,81.16991955,82.17744338,0,82.17744338,82.17744338,0,82.17744338,70.70545292,0,70.70545292,70.70545292,0,70.70545292,49.88410827,0,49.88410827,49.88410827,0,49.88410827,67.18109392,0,67.18109392,67.18109392,0,67.18109392,70.11158218,0,70.11158218,70.11158218,0,70.11158218,58.7495341,0,58.7495341,58.7495341,0,58.7495341,42.16218733,0,42.16218733,42.16218733,0,42.16218733,52.94674446,0,52.94674446,52.94674446,0,52.94674446,56.7322016,0,56.7322016,56.7322016,0,56.7322016,46.47251878,0,46.47251878,46.47251878,0,46.47251878,35.18474297,0,35.18474297,35.18474297,0,35.18474297,41.46893453,0,41.46893453,41.46893453,0,41.46893453,45.02105766,0,45.02105766,45.02105766,0,45.02105766,37.04899705,0,37.04899705,37.04899705,0,37.04899705,28.89770111,0,28.89770111,28.89770111,0,28.89770111,32.69823563,0,32.69823563,32.69823563,0,32.69823563,35.45910725,0,35.45910725,35.45910725,0,35.45910725,29.5544133,0,29.5544133,29.5544133,0,29.5544133,5.29974397,0,5.29974397,5.29974397,0,5.29974397,2.054284629,0,2.054284629,2.054284629,0,2.054284629,4.260044464,0,4.260044464,4.260044464,0,4.260044464,5.724848393,0,5.724848393,5.724848393,0,5.724848393,2.163277575,0,2.163277575,2.163277575,0,2.163277575,3.679130055,0,3.679130055,3.679130055,0,3.679130055,4.738965083,0,4.738965083,4.738965083,0,4.738965083,2.593329556,0,2.593329556,2.593329556,0,2.593329556,5.339805722,0,5.339805722,5.339805722,0,5.339805722,5.483640672,0,5.483640672,5.483640672,0,5.483640672,0.753617968,0,0.753617968,0.753617968,0,0.753617968,16.78451331,-3.094,2.6877,0.4063,0.6147,-1.6756,-0.6512,4.917392882,6.862928516,5.821362131,0,5.821362131,5.821362131,0,5.821362131,2.060588995,0,2.060588995,2.060588995,0,2.060588995,5.805482241,0,5.805482241,5.805482241,0,5.805482241,7.500893971,0,7.500893971,7.500893971,0,7.500893971,2.163277575,0,2.163277575,2.163277575,0,2.163277575,3.679130055,0,3.679130055,3.679130055,0,3.679130055,4.738965083,0,4.738965083,4.738965083,0,4.738965083,2.593329556,0,2.593329556,2.593329556,0,2.593329556,6.813644081,0,6.813644081,6.813644081,0,6.813644081
oxoammo23,0.635396317,0.559555839,0.665347822,0.68128529,45,52,53,-0.252156568,0.193000929,-0.30955,0,-0.30955,-0.30955,0,-0.30955,-0.00101,0,-0.00101,-0.00101,0,-0.00101,-0.15528,0,-0.15528,-0.15528,0,-0.15528,0.30854,0,0.30854,0.30854,0,0.30854,0.03907,0,0.03907,0.03907,0,0.03907,111.315,0,111.315,111.315,0,111.315,52.1608,0,52.1608,52.1608,0,52.1608,3.1282,0,3.1282,3.1282,0,3.1282,1310.816,0,1310.816,1310.816,0,1310.816,361.8387724,0,361.8387724,361.8387724,0,361.8387724,535.9152441,0,535.9152441,535.9152441,0,535.9152441,0.88179256,0,0.88179256,0.88179256,0,0.88179256,-0.83375,0,-0.83375,-0.83375,0,-0.83375,-0.0651,0,-0.0651,-0.0651,0,-0.0651,-0.59589,0,-0.59589,-0.59589,0,-0.59589,-0.01913,0,-0.01913,-0.01913,0,-0.01913,210.6176,0,210.6176,210.6176,0,210.6176,129.0949,0,129.0949,129.0949,0,129.0949,154.122,0,154.122,154.122,0,154.122,10.3205,0,10.3205,10.3205,0,10.3205,55.39518772,0,55.39518772,55.39518772,0,55.39518772,77.9676326,0,77.9676326,77.9676326,0,77.9676326,57.12809148,0,57.12809148,57.12809148,0,57.12809148,81.85525924,0,81.85525924,81.85525924,0,81.85525924,46.08705274,0,46.08705274,46.08705274,0,46.08705274,62.26006336,0,62.26006336,62.26006336,0,62.26006336,46.57740868,0,46.57740868,46.57740868,0,46.57740868,70.1744782,0,70.1744782,70.1744782,0,70.1744782,37.82508845,0,37.82508845,37.82508845,0,37.82508845,46.94928931,0,46.94928931,46.94928931,0,46.94928931,38.19672894,0,38.19672894,38.19672894,0,38.19672894,57.6574235,0,57.6574235,57.6574235,0,57.6574235,30.66168809,0,30.66168809,30.66168809,0,30.66168809,36.5548476,0,36.5548476,36.5548476,0,36.5548476,31.33819251,0,31.33819251,31.33819251,0,31.33819251,46.26959231,0,46.26959231,46.26959231,0,46.26959231,25.01024881,0,25.01024881,25.01024881,0,25.01024881,29.62714042,0,29.62714042,29.62714042,0,29.62714042,25.71071552,0,25.71071552,25.71071552,0,25.71071552,36.57721295,0,36.57721295,36.57721295,0,36.57721295,5.320972644,0,5.320972644,5.320972644,0,5.320972644,1.990227162,0,1.990227162,1.990227162,0,1.990227162,4.232013842,0,4.232013842,4.232013842,0,4.232013842,3.628854928,0,3.628854928,3.628854928,0,3.628854928,1.994165859,0,1.994165859,1.994165859,0,1.994165859,5.337909321,0,5.337909321,5.337909321,0,5.337909321,5.730559551,0,5.730559551,5.730559551,0,5.730559551,2.156485744,0,2.156485744,2.156485744,0,2.156485744,3.273012056,0,3.273012056,3.273012056,0,3.273012056,5.465344707,0,5.465344707,5.465344707,0,5.465344707,0.751407431,0,0.751407431,0.751407431,0,0.751407431,16.66236029,-1.4713,3.5158,-2.0445,6.5085,-3.823,-1.2694,11.65676236,19.48286416,5.83527665,0,5.83527665,5.83527665,0,5.83527665,1.990227162,0,1.990227162,1.990227162,0,1.990227162,5.787592725,0,5.787592725,5.787592725,0,5.787592725,3.628854928,0,3.628854928,3.628854928,0,3.628854928,1.994165859,0,1.994165859,1.994165859,0,1.994165859,6.527252765,0,6.527252765,6.527252765,0,6.527252765,6.915145156,0,6.915145156,6.915145156,0,6.915145156,2.735893549,0,2.735893549,2.735893549,0,2.735893549,5.028778115,0,5.028778115,5.028778115,0,5.028778115
oxoammo24,0.268073847,0.14,0.332110771,0.332110771,12,28,28,-0.8563509,0.056904851,-0.29918,0,-0.29918,-0.29918,0,-0.29918,-0.00871,0,-0.00871,-0.00871,0,-0.00871,-0.153945,0,-0.153945,-0.153945,0,-0.153945,0.29047,0,0.29047,0.29047,0,0.29047,0.04079,0,0.04079,0.04079,0,0.04079,123.825,0,123.825,123.825,0,123.825,64.0612,0,64.0612,64.0612,0,64.0612,1.981,0,1.981,1.981,0,1.981,1489.477,0,1489.477,1489.477,0,1489.477,351.4501159,0,351.4501159,351.4501159,0,351.4501159,528.7175522,0,528.7175522,528.7175522,0,528.7175522,0.89971077,0,0.89971077,0.89971077,0,0.89971077,-0.82563,0,-0.82563,-0.82563,0,-0.82563,-0.07081,0,-0.07081,-0.07081,0,-0.07081,-0.04702,0,-0.04702,-0.04702,0,-0.04702,-0.60461,0,-0.60461,-0.60461,0,-0.60461,214.6465,0,214.6465,214.6465,0,214.6465,132.0714,0,132.0714,132.0714,0,132.0714,18.892,0,18.892,18.892,0,18.892,164.5268,0,164.5268,164.5268,0,164.5268,57.5238379,0,57.5238379,57.5238379,0,57.5238379,81.75562426,0,81.75562426,81.75562426,0,81.75562426,84.43180125,0,84.43180125,84.43180125,0,84.43180125,59.46718564,0,59.46718564,59.46718564,0,59.46718564,49.57021059,0,49.57021059,49.57021059,0,49.57021059,67.77918841,0,67.77918841,67.77918841,0,67.77918841,76.27480898,0,76.27480898,76.27480898,0,76.27480898,49.96272829,0,49.96272829,49.96272829,0,49.96272829,42.87404568,0,42.87404568,42.87404568,0,42.87404568,53.6721805,0,53.6721805,53.6721805,0,53.6721805,65.68144435,0,65.68144435,65.68144435,0,65.68144435,42.46865496,0,42.46865496,42.46865496,0,42.46865496,36.34427101,0,36.34427101,36.34427101,0,36.34427101,43.63521405,0,43.63521405,43.63521405,0,43.63521405,53.23300191,0,53.23300191,53.23300191,0,53.23300191,35.99041551,0,35.99041551,35.99041551,0,35.99041551,30.44586263,0,30.44586263,30.44586263,0,30.44586263,35.58662609,0,35.58662609,35.58662609,0,35.58662609,40.62214216,0,40.62214216,40.62214216,0,40.62214216,30.36978493,0,30.36978493,30.36978493,0,30.36978493,5.025443384,0,5.025443384,5.025443384,0,5.025443384,1.996110284,0,1.996110284,1.996110284,0,1.996110284,4.77147433,0,4.77147433,4.77147433,0,4.77147433,4.378649304,0,4.378649304,4.378649304,0,4.378649304,2.772705896,0,2.772705896,2.772705896,0,2.772705896,4.515743893,0,4.515743893,4.515743893,0,4.515743893,3.628602785,0,3.628602785,3.628602785,0,3.628602785,2.044382369,0,2.044382369,2.044382369,0,2.044382369,4.911505102,0,4.911505102,4.911505102,0,4.911505102,5.647061512,0,5.647061512,5.647061512,0,5.647061512,0.771020119,0,0.771020119,0.771020119,0,0.771020119,18.33512738,-8.2258,9.2737,-1.0478,3.3555,-1.474,-0.7618,13.51991025,17.78255173,5.716311108,0,5.716311108,5.716311108,0,5.716311108,2.137313989,0,2.137313989,2.137313989,0,2.137313989,6.387965166,0,6.387965166,6.387965166,0,6.387965166,6.957707169,0,6.957707169,6.957707169,0,6.957707169,2.772705896,0,2.772705896,2.772705896,0,2.772705896,4.515743893,0,4.515743893,4.515743893,0,4.515743893,3.628602785,0,3.628602785,3.628602785,0,3.628602785,2.044382369,0,2.044382369,2.044382369,0,2.044382369,6.309942162,0,6.309942162,6.309942162,0,6.309942162
oxoammo25,0.756909184,0.55,0.68128529,0.730565919,44,53,56,-0.2634755,0.190331698,-0.31313,0,-0.31313,-0.31313,0,-0.31313,-0.02388,0,-0.02388,-0.02388,0,-0.02388,-0.168505,0,-0.168505,-0.168505,0,-0.168505,0.28925,0,0.28925,0.28925,0,0.28925,0.04908,0,0.04908,0.04908,0,0.04908,128.438,0,128.438,128.438,0,128.438,72.0093,0,72.0093,72.0093,0,72.0093,6.0274,0,6.0274,6.0274,0,6.0274,1422.461,0,1422.461,1422.461,0,1422.461,369.5510481,0,369.5510481,369.5510481,0,369.5510481,544.6611274,0,544.6611274,544.6611274,0,544.6611274,0.872758204,0,0.872758204,0.872758204,0,0.872758204,-0.83735,0,-0.83735,-0.83735,0,-0.83735,-0.06128,0,-0.06128,-0.06128,0,-0.06128,-0.38909,0,-0.38909,-0.38909,0,-0.38909,-0.018,0,-0.018,-0.018,0,-0.018,217.3082,0,217.3082,217.3082,0,217.3082,123.1226,0,123.1226,123.1226,0,123.1226,145.9243,0,145.9243,145.9243,0,145.9243,9.97,0,9.97,9.97,0,9.97,58.37771901,0,58.37771901,58.37771901,0,58.37771901,81.11963647,0,81.11963647,81.11963647,0,81.11963647,70.81998659,0,70.81998659,70.81998659,0,70.81998659,82.07315256,0,82.07315256,82.07315256,0,82.07315256,49.91380917,0,49.91380917,49.91380917,0,49.91380917,67.12227451,0,67.12227451,67.12227451,0,67.12227451,58.84737234,0,58.84737234,58.84737234,0,58.84737234,70.23038576,0,70.23038576,70.23038576,0,70.23038576,42.22115325,0,42.22115325,42.22115325,0,42.22115325,52.92812364,0,52.92812364,52.92812364,0,52.92812364,46.51907082,0,46.51907082,46.51907082,0,46.51907082,57.45337037,0,57.45337037,57.45337037,0,57.45337037,35.46858718,0,35.46858718,35.46858718,0,35.46858718,41.57042376,0,41.57042376,41.57042376,0,41.57042376,37.09105809,0,37.09105809,37.09105809,0,37.09105809,46.30486931,0,46.30486931,46.30486931,0,46.30486931,29.43990256,0,29.43990256,29.43990256,0,29.43990256,33.06620731,0,33.06620731,33.06620731,0,33.06620731,29.67286588,0,29.67286588,29.67286588,0,29.67286588,37.01633503,0,37.01633503,37.01633503,0,37.01633503,5.32548744,0,5.32548744,5.32548744,0,5.32548744,2.043992197,0,2.043992197,2.043992197,0,2.043992197,4.259522578,0,4.259522578,4.259522578,0,4.259522578,4.738118631,0,4.738118631,4.738118631,0,4.738118631,2.594846922,0,2.594846922,2.594846922,0,2.594846922,5.357946208,0,5.357946208,5.357946208,0,5.357946208,5.726742948,0,5.726742948,5.726742948,0,5.726742948,2.137299175,0,2.137299175,2.137299175,0,2.137299175,3.696653921,0,3.696653921,3.696653921,0,3.696653921,5.465493425,0,5.465493425,5.465493425,0,5.465493425,0.751485425,0,0.751485425,0.751485425,0,0.751485425,17.27584648,-5.2626,1.2778,3.9849,-12.8027,0.2845,-2.2569,19.57995122,32.8985217,5.843327183,0,5.843327183,5.843327183,0,5.843327183,2.043992197,0,2.043992197,2.043992197,0,2.043992197,6.666966423,0,6.666966423,6.666966423,0,6.666966423,4.738118631,0,4.738118631,4.738118631,0,4.738118631,2.594846922,0,2.594846922,2.594846922,0,2.594846922,6.469228625,0,6.469228625,6.469228625,0,6.469228625,6.918219591,0,6.918219591,6.918219591,0,6.918219591,2.137299175,0,2.137299175,2.137299175,0,2.137299175,4.13700855,0,4.13700855,4.13700855,0,4.13700855
oxoammo28,0.891621009,0.67,0.818404906,0.782322647,52,61,59,-0.1769513,0.222716471,-0.32042,0,-0.32042,-0.32042,0,-0.32042,-0.04963,0,-0.04963,-0.04963,0,-0.04963,-0.185025,0,-0.185025,-0.185025,0,-0.185025,0.27079,0,0.27079,0.27079,0,0.27079,0.06321,0,0.06321,0.06321,0,0.06321,116.408,0,116.408,116.408,0,116.408,73.2106,0,73.2106,73.2106,0,73.2106,6.1095,0,6.1095,6.1095,0,6.1095,1287.402,0,1287.402,1287.402,0,1287.402,347.8577616,0,347.8577616,347.8577616,0,347.8577616,510.7833917,0,510.7833917,510.7833917,0,510.7833917,0.888328519,0,0.888328519,0.888328519,0,0.888328519,-0.83332,0,-0.83332,-0.83332,0,-0.83332,-0.06937,0,-0.06937,-0.06937,0,-0.06937,0.01047,0,0.01047,0.01047,0,0.01047,-0.59522,0,-0.59522,-0.59522,0,-0.59522,211.0309,0,211.0309,211.0309,0,211.0309,129.1466,0,129.1466,129.1466,0,129.1466,2.55,0,2.55,2.55,0,2.55,154.5798,0,154.5798,154.5798,0,154.5798,55.46316299,0,55.46316299,55.46316299,0,55.46316299,78.02164035,0,78.02164035,78.02164035,0,78.02164035,81.86084625,0,81.86084625,81.86084625,0,81.86084625,57.18768623,0,57.18768623,57.18768623,0,57.18768623,46.13306001,0,46.13306001,46.13306001,0,46.13306001,62.28510529,0,62.28510529,62.28510529,0,62.28510529,69.86116288,0,69.86116288,69.86116288,0,69.86116288,46.63389862,0,46.63389862,46.63389862,0,46.63389862,37.84720067,0,37.84720067,37.84720067,0,37.84720067,46.93842716,0,46.93842716,46.93842716,0,46.93842716,56.13866303,0,56.13866303,56.13866303,0,56.13866303,38.2525914,0,38.2525914,38.2525914,0,38.2525914,30.68583927,0,30.68583927,30.68583927,0,30.68583927,36.14671978,0,36.14671978,36.14671978,0,36.14671978,43.82218218,0,43.82218218,43.82218218,0,43.82218218,31.25542723,0,31.25542723,31.25542723,0,31.25542723,25.02798713,0,25.02798713,25.02798713,0,25.02798713,28.6485762,0,28.6485762,28.6485762,0,28.6485762,33.92691022,0,33.92691022,33.92691022,0,33.92691022,25.32047239,0,25.32047239,25.32047239,0,25.32047239,5.342612653,0,5.342612653,5.342612653,0,5.342612653,1.989469907,0,1.989469907,1.989469907,0,1.989469907,4.22869624,0,4.22869624,4.22869624,0,4.22869624,5.724280588,0,5.724280588,5.724280588,0,5.724280588,2.141640031,0,2.141640031,2.141640031,0,2.141640031,3.274942528,0,3.274942528,3.274942528,0,3.274942528,3.629458665,0,3.629458665,3.629458665,0,3.629458665,1.994603719,0,1.994603719,1.994603719,0,1.994603719,5.350704939,0,5.350704939,5.350704939,0,5.350704939,5.446514277,0,5.446514277,5.446514277,0,5.446514277,0.749268188,0,0.749268188,0.749268188,0,0.749268188,16.97413088,-6.4459,3.5072,2.9387,-1.1595,2.3013,0.5059,8.733770654,11.62356206,5.872582211,0,5.872582211,5.872582211,0,5.872582211,1.989469907,0,1.989469907,1.989469907,0,1.989469907,5.804238988,0,5.804238988,5.804238988,0,5.804238988,7.709565338,0,7.709565338,7.709565338,0,7.709565338,2.141640031,0,2.141640031,2.141640031,0,2.141640031,3.274942528,0,3.274942528,3.274942528,0,3.274942528,3.629458665,0,3.629458665,3.629458665,0,3.629458665,1.994603719,0,1.994603719,1.994603719,0,1.994603719,7.025062227,0,7.025062227,7.025062227,0,7.025062227
oxoammo29,0.891621009,0.76,0.978911329,0.935951699,58,69,67,-0.1164684,0.245512668,-0.28721,0,-0.28721,-0.28721,0,-0.28721,0.02475,0,0.02475,0.02475,0,0.02475,-0.13123,0,-0.13123,-0.13123,0,-0.13123,0.31196,0,0.31196,0.31196,0,0.31196,0.0276,0,0.0276,0.0276,0,0.0276,111.206,0,111.206,111.206,0,111.206,51.2348,0,51.2348,51.2348,0,51.2348,1.305,0,1.305,1.305,0,1.305,1341.612,0,1341.612,1341.612,0,1341.612,325.0215831,0,325.0215831,325.0215831,0,325.0215831,477.8109042,0,477.8109042,477.8109042,0,477.8109042,0.909374198,0,0.909374198,0.909374198,0,0.909374198,-0.83439,0,-0.83439,-0.83439,0,-0.83439,-0.06014,0,-0.06014,-0.06014,0,-0.06014,-0.03276,0,-0.03276,-0.03276,0,-0.03276,-0.59731,0,-0.59731,-0.59731,0,-0.59731,208.724,0,208.724,208.724,0,208.724,124.1106,0,124.1106,124.1106,0,124.1106,17.1418,0,17.1418,17.1418,0,17.1418,160.0575,0,160.0575,160.0575,0,160.0575,59.12824046,0,59.12824046,59.12824046,0,59.12824046,79.96591925,0,79.96591925,79.96591925,0,79.96591925,83.27715286,0,83.27715286,83.27715286,0,83.27715286,58.75949791,0,58.75949791,58.75949791,0,58.75949791,50.53752795,0,50.53752795,50.53752795,0,50.53752795,65.33847372,0,65.33847372,65.33847372,0,65.33847372,73.43924711,0,73.43924711,73.43924711,0,73.43924711,48.68384271,0,48.68384271,48.68384271,0,48.68384271,42.62072497,0,42.62072497,42.62072497,0,42.62072497,50.63737509,0,50.63737509,50.63737509,0,50.63737509,61.41145801,0,61.41145801,61.41145801,0,61.41145801,40.64148718,0,40.64148718,40.64148718,0,40.64148718,35.01758423,0,35.01758423,35.01758423,0,35.01758423,40.09150313,0,40.09150313,40.09150313,0,40.09150313,48.46002301,0,48.46002301,48.46002301,0,48.46002301,33.86266933,0,33.86266933,33.86266933,0,33.86266933,28.55140961,0,28.55140961,28.55140961,0,28.55140961,32.18402132,0,32.18402132,32.18402132,0,32.18402132,36.35311879,0,36.35311879,36.35311879,0,36.35311879,28.12687238,0,28.12687238,28.12687238,0,28.12687238,5.183983204,0,5.183983204,5.183983204,0,5.183983204,2.002944054,0,2.002944054,2.002944054,0,2.002944054,4.604849694,0,4.604849694,4.604849694,0,4.604849694,5.798686439,0,5.798686439,5.798686439,0,5.798686439,2.346620068,0,2.346620068,2.346620068,0,2.346620068,4.270165519,0,4.270165519,4.270165519,0,4.270165519,3.62930424,0,3.62930424,3.62930424,0,3.62930424,1.991388851,0,1.991388851,1.991388851,0,1.991388851,5.38550717,0,5.38550717,5.38550717,0,5.38550717,5.563708969,0,5.563708969,5.563708969,0,5.563708969,0.761711474,0,0.761711474,0.761711474,0,0.761711474,16.81558466,3.3769,-0.0038,-3.3731,-2.6559,-1.8341,1.2259,6.828058913,10.28081991,5.800033807,0,5.800033807,5.800033807,0,5.800033807,2.002944054,0,2.002944054,2.002944054,0,2.002944054,5.815066404,0,5.815066404,5.815066404,0,5.815066404,6.91440308,0,6.91440308,6.91440308,0,6.91440308,2.346620068,0,2.346620068,2.346620068,0,2.346620068,4.413421199,0,4.413421199,4.413421199,0,4.413421199,3.62930424,0,3.62930424,3.62930424,0,3.62930424,1.991388851,0,1.991388851,1.991388851,0,1.991388851,6.173809102,0,6.173809102,6.173809102,0,6.173809102
oxoammo3,0.314290908,0.34,0.344675882,0.258196843,29,29,22,-0.4625891,0.127104798,-0.27561,0,-0.27561,-0.27561,0,-0.27561,-0.02413,0,-0.02413,-0.02413,0,-0.02413,-0.14987,0,-0.14987,-0.14987,0,-0.14987,0.25148,0,0.25148,0.25148,0,0.25148,0.04466,0,0.04466,0.04466,0,0.04466,140.373,0,140.373,140.373,0,140.373,81.1245,0,81.1245,81.1245,0,81.1245,3.9487,0,3.9487,3.9487,0,3.9487,1434.467,0,1434.467,1434.467,0,1434.467,357.7017454,0,357.7017454,357.7017454,0,357.7017454,538.8899681,0,538.8899681,538.8899681,0,538.8899681,0.895288758,0,0.895288758,0.895288758,0,0.895288758,-0.83766,0,-0.83766,-0.83766,0,-0.83766,-0.06202,0,-0.06202,-0.06202,0,-0.06202,-0.59994,0,-0.59994,-0.59994,0,-0.59994,-0.00758,0,-0.00758,-0.00758,0,-0.00758,205.9381,0,205.9381,205.9381,0,205.9381,123.876,0,123.876,123.876,0,123.876,158.3661,0,158.3661,158.3661,0,158.3661,19.3957,0,19.3957,19.3957,0,19.3957,58.00432062,0,58.00432062,58.00432062,0,58.00432062,79.77689213,0,79.77689213,79.77689213,0,79.77689213,58.72597586,0,58.72597586,58.72597586,0,58.72597586,82.97638558,0,82.97638558,82.97638558,0,82.97638558,49.19399925,0,49.19399925,49.19399925,0,49.19399925,64.91043142,0,64.91043142,64.91043142,0,64.91043142,48.72402628,0,48.72402628,48.72402628,0,48.72402628,72.91802553,0,72.91802553,72.91802553,0,72.91802553,41.5162777,0,41.5162777,41.5162777,0,41.5162777,49.95344795,0,49.95344795,49.95344795,0,49.95344795,40.6899789,0,40.6899789,40.6899789,0,40.6899789,61.12205946,0,61.12205946,61.12205946,0,61.12205946,34.63035125,0,34.63035125,34.63035125,0,34.63035125,39.44729073,0,39.44729073,39.44729073,0,39.44729073,33.92399705,0,33.92399705,33.92399705,0,33.92399705,49.33733501,0,49.33733501,49.33733501,0,49.33733501,28.93238939,0,28.93238939,28.93238939,0,28.93238939,32.18756898,0,32.18756898,32.18756898,0,32.18756898,28.33717007,0,28.33717007,28.33717007,0,28.33717007,38.94922109,0,38.94922109,38.94922109,0,38.94922109,5.09713033,0,5.09713033,5.09713033,0,5.09713033,1.998672752,0,1.998672752,1.998672752,0,1.998672752,4.654415961,0,4.654415961,4.654415961,0,4.654415961,3.629903381,0,3.629903381,3.629903381,0,3.629903381,1.989481406,0,1.989481406,1.989481406,0,1.989481406,5.180518998,0,5.180518998,5.180518998,0,5.180518998,5.692645566,0,5.692645566,5.692645566,0,5.692645566,2.368549625,0,2.368549625,2.368549625,0,2.368549625,4.223619413,0,4.223619413,4.223619413,0,4.223619413,5.56538664,0,5.56538664,5.56538664,0,5.56538664,0.761737653,0,0.761737653,0.761737653,0,0.761737653,18.18505752,1.4565,1.9879,-3.4444,6.7438,1.8439,0.1064,10.75719681,17.89542692,5.726556964,0,5.726556964,5.726556964,0,5.726556964,1.998672752,0,1.998672752,1.998672752,0,1.998672752,6.815209421,0,6.815209421,6.815209421,0,6.815209421,3.629903381,0,3.629903381,3.629903381,0,3.629903381,1.989481406,0,1.989481406,1.989481406,0,1.989481406,6.832580886,0,6.832580886,6.832580886,0,6.832580886,6.939401054,0,6.939401054,6.939401054,0,6.939401054,2.368549625,0,2.368549625,2.368549625,0,2.368549625,5.718697129,0,5.718697129,5.718697129,0,5.718697129
oxoammo30,0.114561753,0.03,0.139203177,0.174482081,3,12,15,-1.4603782,0.012837225,-0.27951,0,-0.27951,-0.27951,0,-0.27951,0.04776,0,0.04776,0.04776,0,0.04776,-0.115875,0,-0.115875,-0.115875,0,-0.115875,0.32727,0,0.32727,0.32727,0,0.32727,0.02051,0,0.02051,0.02051,0,0.02051,77.7149,0,77.7149,77.7149,0,77.7149,27.2921,0,27.2921,27.2921,0,27.2921,1.4165,0,1.4165,1.4165,0,1.4165,973.584,0,973.584,973.584,0,973.584,284.0300098,0,284.0300098,284.0300098,0,284.0300098,395.5656138,0,395.5656138,395.5656138,0,395.5656138,0.917484882,0,0.917484882,0.917484882,0,0.917484882,-0.82889,0,-0.82889,-0.82889,0,-0.82889,-0.06144,0,-0.06144,-0.06144,0,-0.06144,-0.12654,0,-0.12654,-0.12654,0,-0.12654,-0.59438,0,-0.59438,-0.59438,0,-0.59438,207.9091,0,207.9091,207.9091,0,207.9091,138.4627,0,138.4627,138.4627,0,138.4627,31.7875,0,31.7875,31.7875,0,31.7875,155.212,0,155.212,155.212,0,155.212,54.01612783,0,54.01612783,54.01612783,0,54.01612783,76.58764154,0,76.58764154,76.58764154,0,76.58764154,80.19126192,0,80.19126192,80.19126192,0,80.19126192,56.38595054,0,56.38595054,56.38595054,0,56.38595054,45.29211703,0,45.29211703,45.29211703,0,45.29211703,60.89964592,0,60.89964592,60.89964592,0,60.89964592,67.10189154,0,67.10189154,67.10189154,0,67.10189154,45.67182259,0,45.67182259,45.67182259,0,45.67182259,37.41504252,0,37.41504252,37.41504252,0,37.41504252,45.90380796,0,45.90380796,45.90380796,0,45.90380796,51.91328906,0,51.91328906,51.91328906,0,51.91328906,37.21137732,0,37.21137732,37.21137732,0,37.21137732,30.21502692,0,30.21502692,30.21502692,0,30.21502692,35.15245094,0,35.15245094,35.15245094,0,35.15245094,38.55152614,0,38.55152614,38.55152614,0,38.55152614,30.23592176,0,30.23592176,30.23592176,0,30.23592176,24.29105831,0,24.29105831,24.29105831,0,24.29105831,27.10888966,0,27.10888966,27.10888966,0,27.10888966,28.33776134,0,28.33776134,28.33776134,0,28.33776134,24.4250812,0,24.4250812,24.4250812,0,24.4250812,5.064027467,0,5.064027467,5.064027467,0,5.064027467,1.986824586,0,1.986824586,1.986824586,0,1.986824586,4.324786453,0,4.324786453,4.324786453,0,4.324786453,5.729347656,0,5.729347656,5.729347656,0,5.729347656,2.260389493,0,2.260389493,2.260389493,0,2.260389493,3.295743016,0,3.295743016,3.295743016,0,3.295743016,3.627979203,0,3.627979203,3.627979203,0,3.627979203,1.98930645,0,1.98930645,1.98930645,0,1.98930645,5.220559005,0,5.220559005,5.220559005,0,5.220559005,5.547239948,0,5.547239948,5.547239948,0,5.547239948,0.760248851,0,0.760248851,0.760248851,0,0.760248851,15.44099943,1.3592,-0.7526,-0.6066,-2.8213,-3.2543,1.2832,6.570799327,11.19613857,5.146125322,0,5.146125322,5.146125322,0,5.146125322,1.986824586,0,1.986824586,1.986824586,0,1.986824586,5.793882918,0,5.793882918,5.793882918,0,5.793882918,6.102948922,0,6.102948922,6.102948922,0,6.102948922,2.260389493,0,2.260389493,2.260389493,0,2.260389493,3.295743016,0,3.295743016,3.295743016,0,3.295743016,3.627979203,0,3.627979203,3.627979203,0,3.627979203,1.98930645,0,1.98930645,1.98930645,0,1.98930645,5.652625239,0,5.652625239,5.652625239,0,5.652625239
oxoammo31,0.072424342,0.09,0.023091815,0.104181211,8,2,9,-1.0336108,0.037426498,-0.3037,0,-0.3037,-0.3037,0,-0.3037,0.03981,0,0.03981,0.03981,0,0.03981,-0.131945,0,-0.131945,-0.131945,0,-0.131945,0.34351,0,0.34351,0.34351,0,0.34351,0.02534,0,0.02534,0.02534,0,0.02534,85.291,0,85.291,85.291,0,85.291,30.3196,0,30.3196,30.3196,0,30.3196,5.8816,0,5.8816,5.8816,0,5.8816,1304.285,0,1304.285,1304.285,0,1304.285,296.4800239,0,296.4800239,296.4800239,0,296.4800239,422.8265257,0,422.8265257,422.8265257,0,422.8265257,0.918889955,0,0.918889955,0.918889955,0,0.918889955,-0.82083,0,-0.82083,-0.82083,0,-0.82083,-0.07452,0,-0.07452,-0.07452,0,-0.07452,0.09735,0,0.09735,0.09735,0,0.09735,-0.59525,0,-0.59525,-0.59525,0,-0.59525,212.9198,0,212.9198,212.9198,0,212.9198,138.8619,0,138.8619,138.8619,0,138.8619,24.5555,0,24.5555,24.5555,0,24.5555,159.1159,0,159.1159,159.1159,0,159.1159,54.30665226,0,54.30665226,54.30665226,0,54.30665226,78.57568534,0,78.57568534,78.57568534,0,78.57568534,81.09449493,0,81.09449493,81.09449493,0,81.09449493,57.91213498,0,57.91213498,57.91213498,0,57.91213498,45.35326593,0,45.35326593,45.35326593,0,45.35326593,63.65309355,0,63.65309355,63.65309355,0,63.65309355,70.04868617,0,70.04868617,70.04868617,0,70.04868617,47.74564387,0,47.74564387,47.74564387,0,47.74564387,37.63888027,0,37.63888027,37.63888027,0,37.63888027,49.11318354,0,49.11318354,49.11318354,0,49.11318354,56.06805909,0,56.06805909,56.06805909,0,56.06805909,39.59484203,0,39.59484203,39.59484203,0,39.59484203,30.72979984,0,30.72979984,30.72979984,0,30.72979984,38.55695337,0,38.55695337,38.55695337,0,38.55695337,42.02142671,0,42.02142671,42.02142671,0,42.02142671,32.74927275,0,32.74927275,32.74927275,0,32.74927275,25.15097285,0,25.15097285,25.15097285,0,25.15097285,30.08912522,0,30.08912522,30.08912522,0,30.08912522,30.87375043,0,30.87375043,30.87375043,0,30.87375043,26.94569708,0,26.94569708,26.94569708,0,26.94569708,5.095317356,0,5.095317356,5.095317356,0,5.095317356,1.982843256,0,1.982843256,1.982843256,0,1.982843256,4.325623123,0,4.325623123,4.325623123,0,4.325623123,5.614619364,0,5.614619364,5.614619364,0,5.614619364,2.384232557,0,2.384232557,2.384232557,0,2.384232557,4.203120588,0,4.203120588,4.203120588,0,4.203120588,3.629328698,0,3.629328698,3.629328698,0,3.629328698,1.999737115,0,1.999737115,1.999737115,0,1.999737115,5.022818313,0,5.022818313,5.022818313,0,5.022818313,5.573296352,0,5.573296352,5.573296352,0,5.573296352,0.762938045,0,0.762938045,0.762938045,0,0.762938045,15.8328078,-4.8569,2.5066,2.3503,5.1551,0.7659,1.0345,9.584369014,14.91595593,6.543438568,0,6.543438568,6.543438568,0,6.543438568,1.989433431,0,1.989433431,1.989433431,0,1.989433431,5.175084185,0,5.175084185,5.175084185,0,5.175084185,5.614619364,0,5.614619364,5.614619364,0,5.614619364,2.384232557,0,2.384232557,2.384232557,0,2.384232557,4.203120588,0,4.203120588,4.203120588,0,4.203120588,3.629328698,0,3.629328698,3.629328698,0,3.629328698,1.999737115,0,1.999737115,1.999737115,0,1.999737115,5.218984117,0,5.218984117,5.218984117,0,5.218984117
oxoammo32,0.177553465,0.16,0.174482081,0.198178314,14,15,17,-0.78864,0.064457989,-0.32203,0,-0.32203,-0.32203,0,-0.32203,0.01885,0,0.01885,0.01885,0,0.01885,-0.15159,0,-0.15159,-0.15159,0,-0.15159,0.34088,0,0.34088,0.34088,0,0.34088,0.03371,0,0.03371,0.03371,0,0.03371,80.7244,0,80.7244,80.7244,0,80.7244,38.3969,0,38.3969,38.3969,0,38.3969,2.1603,0,2.1603,2.1603,0,2.1603,1139.658,0,1139.658,1139.658,0,1139.658,302.8093289,0,302.8093289,302.8093289,0,302.8093289,421.879413,0,421.879413,421.879413,0,421.879413,0.898339362,0,0.898339362,0.898339362,0,0.898339362,-0.81963,0,-0.81963,-0.81963,0,-0.81963,-0.10492,0,-0.10492,-0.10492,0,-0.10492,0.53647,0,0.53647,0.53647,0,0.53647,-0.59921,0,-0.59921,-0.59921,0,-0.59921,219.7728,0,219.7728,219.7728,0,219.7728,136.5654,0,136.5654,136.5654,0,136.5654,-16.6538,0,-16.6538,-16.6538,0,-16.6538,163.5897,0,163.5897,163.5897,0,163.5897,52.21990465,0,52.21990465,52.21990465,0,52.21990465,74.50927443,0,74.50927443,74.50927443,0,74.50927443,74.59214839,0,74.59214839,74.59214839,0,74.59214839,56.20902861,0,56.20902861,56.20902861,0,56.20902861,43.10356877,0,43.10356877,43.10356877,0,43.10356877,57.9604221,0,57.9604221,57.9604221,0,57.9604221,61.22577339,0,61.22577339,61.22577339,0,61.22577339,44.59094297,0,44.59094297,44.59094297,0,44.59094297,34.99743964,0,34.99743964,34.99743964,0,34.99743964,42.60481969,0,42.60481969,42.60481969,0,42.60481969,48.79701757,0,48.79701757,48.79701757,0,48.79701757,35.28916579,0,35.28916579,35.28916579,0,35.28916579,28.08999436,0,28.08999436,28.08999436,0,28.08999436,32.31482286,0,32.31482286,32.31482286,0,32.31482286,37.8524987,0,37.8524987,37.8524987,0,37.8524987,27.97873611,0,27.97873611,27.97873611,0,27.97873611,22.70899688,0,22.70899688,22.70899688,0,22.70899688,25.3334805,0,25.3334805,25.3334805,0,25.3334805,29.14662893,0,29.14662893,29.14662893,0,29.14662893,22.33668916,0,22.33668916,22.33668916,0,22.33668916,5.016813145,0,5.016813145,5.016813145,0,5.016813145,1.999541429,0,1.999541429,1.999541429,0,1.999541429,4.054191298,0,4.054191298,4.054191298,0,4.054191298,5.633164101,0,5.633164101,5.633164101,0,5.633164101,2.032558035,0,2.032558035,2.032558035,0,2.032558035,3.26680726,0,3.26680726,3.26680726,0,3.26680726,3.624562553,0,3.624562553,3.624562553,0,3.624562553,1.986293139,0,1.986293139,1.986293139,0,1.986293139,5.094017645,0,5.094017645,5.094017645,0,5.094017645,5.830026,0,5.830026,5.830026,0,5.830026,0.788301874,0,0.788301874,0.788301874,0,0.788301874,15.26910093,7.8727,-5.3267,-2.5461,-2.8118,-3.6436,-1.9211,12.10706794,17.16070038,5.236372815,0,5.236372815,5.236372815,0,5.236372815,1.999541429,0,1.999541429,1.999541429,0,1.999541429,6.629631366,0,6.629631366,6.629631366,0,6.629631366,6.907026377,0,6.907026377,6.907026377,0,6.907026377,2.080664455,0,2.080664455,2.080664455,0,2.080664455,3.26680726,0,3.26680726,3.26680726,0,3.26680726,3.624562553,0,3.624562553,3.624562553,0,3.624562553,1.986293139,0,1.986293139,1.986293139,0,1.986293139,5.794343642,0,5.794343642,5.794343642,0,5.794343642
oxoammo33,0.026438256,0.01,0.011544753,0.057770014,1,1,5,-1.9376154,0.004321374,-0.27114,0,-0.27114,-0.27114,0,-0.27114,0.04874,0,0.04874,0.04874,0,0.04874,-0.1112,0,-0.1112,-0.1112,0,-0.1112,0.31988,0,0.31988,0.31988,0,0.31988,0.01933,0,0.01933,0.01933,0,0.01933,78.3804,0,78.3804,78.3804,0,78.3804,33.1883,0,33.1883,33.1883,0,33.1883,1.134,0,1.134,1.134,0,1.134,1104.006,0,1104.006,1104.006,0,1104.006,284.2105869,0,284.2105869,284.2105869,0,284.2105869,394.9713165,0,394.9713165,394.9713165,0,394.9713165,0.915983347,0,0.915983347,0.915983347,0,0.915983347,-0.82285,0,-0.82285,-0.82285,0,-0.82285,-0.08836,0,-0.08836,-0.08836,0,-0.08836,0.27556,0,0.27556,0.27556,0,0.27556,-0.59746,0,-0.59746,-0.59746,0,-0.59746,215.4498,0,215.4498,215.4498,0,215.4498,135.0869,0,135.0869,135.0869,0,135.0869,4.3892,0,4.3892,4.3892,0,4.3892,159.0716,0,159.0716,159.0716,0,159.0716,54.26009386,0,54.26009386,54.26009386,0,54.26009386,75.75517729,0,75.75517729,75.75517729,0,75.75517729,78.16504023,0,78.16504023,78.16504023,0,78.16504023,56.02279499,0,56.02279499,56.02279499,0,56.02279499,45.12847093,0,45.12847093,45.12847093,0,45.12847093,59.5939713,0,59.5939713,59.5939713,0,59.5939713,65.03447633,0,65.03447633,65.03447633,0,65.03447633,44.96074823,0,44.96074823,44.96074823,0,44.96074823,36.84361616,0,36.84361616,36.84361616,0,36.84361616,44.46069456,0,44.46069456,44.46069456,0,44.46069456,51.1381975,0,51.1381975,51.1381975,0,51.1381975,36.32068152,0,36.32068152,36.32068152,0,36.32068152,29.40881165,0,29.40881165,29.40881165,0,29.40881165,34.07216047,0,34.07216047,34.07216047,0,34.07216047,38.42344347,0,38.42344347,38.42344347,0,38.42344347,29.2940257,0,29.2940257,29.2940257,0,29.2940257,23.46760588,0,23.46760588,23.46760588,0,23.46760588,26.55013245,0,26.55013245,26.55013245,0,26.55013245,28.22817792,0,28.22817792,28.22817792,0,28.22817792,23.67632683,0,23.67632683,23.67632683,0,23.67632683,5.145435047,0,5.145435047,5.145435047,0,5.145435047,1.982365306,0,1.982365306,1.982365306,0,1.982365306,4.316129043,0,4.316129043,4.316129043,0,4.316129043,5.803291545,0,5.803291545,5.803291545,0,5.803291545,1.989627581,0,1.989627581,1.989627581,0,1.989627581,3.266286913,0,3.266286913,3.266286913,0,3.266286913,3.627963756,0,3.627963756,3.627963756,0,3.627963756,2.002759486,0,2.002759486,2.002759486,0,2.002759486,5.162257782,0,5.162257782,5.162257782,0,5.162257782,5.60072015,0,5.60072015,5.60072015,0,5.60072015,0.765292431,0,0.765292431,0.765292431,0,0.765292431,15.40714485,5.3773,-1.5751,-3.8022,0.2682,-2.9688,-1.0561,8.115117,11.34838498,5.548282494,0,5.548282494,5.548282494,0,5.548282494,1.982365306,0,1.982365306,1.982365306,0,1.982365306,5.798747476,0,5.798747476,5.798747476,0,5.798747476,6.183661447,0,6.183661447,6.183661447,0,6.183661447,1.989627581,0,1.989627581,1.989627581,0,1.989627581,3.266286913,0,3.266286913,3.266286913,0,3.266286913,3.627963756,0,3.627963756,3.627963756,0,3.627963756,2.002759486,0,2.002759486,2.002759486,0,2.002759486,5.496644167,0,5.496644167,5.496644167,0,5.496644167
oxoammo34,0.007181584,0.01,0,0.011544753,1,0,1,-1.9376154,0.004321374,-0.31402,0,-0.31402,-0.31402,0,-0.31402,-0.00871,0,-0.00871,-0.00871,0,-0.00871,-0.161365,0,-0.161365,-0.161365,0,-0.161365,0.30531,0,0.30531,0.30531,0,0.30531,0.04264,0,0.04264,0.04264,0,0.04264,87.5,0,87.5,87.5,0,87.5,41.8966,0,41.8966,41.8966,0,41.8966,3.6701,0,3.6701,3.6701,0,3.6701,1088.323,0,1088.323,1088.323,0,1088.323,294.3304308,0,294.3304308,294.3304308,0,294.3304308,416.7883903,0,416.7883903,416.7883903,0,416.7883903,0.916767834,0,0.916767834,0.916767834,0,0.916767834,-0.83218,0,-0.83218,-0.83218,0,-0.83218,-0.06438,0,-0.06438,-0.06438,0,-0.06438,-0.1154,0,-0.1154,-0.1154,0,-0.1154,-0.59593,0,-0.59593,-0.59593,0,-0.59593,212.6552,0,212.6552,212.6552,0,212.6552,132.9553,0,132.9553,132.9553,0,132.9553,21.6005,0,21.6005,21.6005,0,21.6005,154.2466,0,154.2466,154.2466,0,154.2466,55.19591776,0,55.19591776,55.19591776,0,55.19591776,77.67058999,0,77.67058999,77.67058999,0,77.67058999,81.25558701,0,81.25558701,81.25558701,0,81.25558701,56.92695918,0,56.92695918,56.92695918,0,56.92695918,45.98688502,0,45.98688502,45.98688502,0,45.98688502,61.99275531,0,61.99275531,61.99275531,0,61.99275531,68.6690505,0,68.6690505,68.6690505,0,68.6690505,46.36426109,0,46.36426109,46.36426109,0,46.36426109,37.73508783,0,37.73508783,37.73508783,0,37.73508783,46.62691639,0,46.62691639,46.62691639,0,46.62691639,54.32507293,0,54.32507293,54.32507293,0,54.32507293,37.93991683,0,37.93991683,37.93991683,0,37.93991683,30.45029741,0,30.45029741,30.45029741,0,30.45029741,35.63737409,0,35.63737409,35.63737409,0,35.63737409,40.86081322,0,40.86081322,40.86081322,0,40.86081322,30.913783,0,30.913783,30.913783,0,30.913783,24.637744,0,24.637744,24.637744,0,24.637744,27.91696888,0,27.91696888,27.91696888,0,27.91696888,30.35362335,0,30.35362335,30.35362335,0,30.35362335,24.96097569,0,24.96097569,24.96097569,0,24.96097569,5.285528761,0,5.285528761,5.285528761,0,5.285528761,1.988810681,0,1.988810681,1.988810681,0,1.988810681,4.246278258,0,4.246278258,4.246278258,0,4.246278258,4.364106023,0,4.364106023,4.364106023,0,4.364106023,2.166885259,0,2.166885259,2.166885259,0,2.166885259,3.27289134,0,3.27289134,3.27289134,0,3.27289134,3.628871475,0,3.628871475,3.628871475,0,3.628871475,1.994815416,0,1.994815416,1.994815416,0,1.994815416,4.139486145,0,4.139486145,4.139486145,0,4.139486145,5.48194397,0,5.48194397,5.48194397,0,5.48194397,0.753109276,0,0.753109276,0.753109276,0,0.753109276,16.19066376,2.314,-3.558,1.244,-1.4521,2.5226,2.0384,6.694464539,10.25208868,5.624289121,0,5.624289121,5.624289121,0,5.624289121,1.988810681,0,1.988810681,1.988810681,0,1.988810681,5.618212965,0,5.618212965,5.618212965,0,5.618212965,6.780660963,0,6.780660963,6.780660963,0,6.780660963,2.166885259,0,2.166885259,2.166885259,0,2.166885259,3.27289134,0,3.27289134,3.27289134,0,3.27289134,3.628871475,0,3.628871475,3.628871475,0,3.628871475,1.994815416,0,1.994815416,1.994815416,0,1.994815416,6.105373382,0,6.105373382,6.105373382,0,6.105373382
oxoammo35,0.014363169,0.02,0.011544753,0.011544753,2,1,1,-1.6365419,0.008600172,-0.26963,0,-0.26963,-0.26963,0,-0.26963,0.05023,0,0.05023,0.05023,0,0.05023,-0.1097,0,-0.1097,-0.1097,0,-0.1097,0.31986,0,0.31986,0.31986,0,0.31986,0.01881,0,0.01881,0.01881,0,0.01881,89.7569,0,89.7569,89.7569,0,89.7569,32.4344,0,32.4344,32.4344,0,32.4344,3.0818,0,3.0818,3.0818,0,3.0818,1285.081,0,1285.081,1285.081,0,1285.081,301.6209482,0,301.6209482,301.6209482,0,301.6209482,431.5780965,0,431.5780965,431.5780965,0,431.5780965,0.915648708,0,0.915648708,0.915648708,0,0.915648708,-0.83894,0,-0.83894,-0.83894,0,-0.83894,-0.08565,0,-0.08565,-0.08565,0,-0.08565,0.32877,0,0.32877,0.32877,0,0.32877,-0.59827,0,-0.59827,-0.59827,0,-0.59827,213.8,0,213.8,213.8,0,213.8,132.4838,0,132.4838,132.4838,0,132.4838,20.1843,0,20.1843,20.1843,0,20.1843,161.7048,0,161.7048,161.7048,0,161.7048,58.29112038,0,58.29112038,58.29112038,0,58.29112038,77.66314064,0,77.66314064,77.66314064,0,77.66314064,79.16139005,0,79.16139005,79.16139005,0,79.16139005,57.8329857,0,57.8329857,57.8329857,0,57.8329857,49.64708349,0,49.64708349,49.64708349,0,49.64708349,62.49534104,0,62.49534104,62.49534104,0,62.49534104,68.44250839,0,68.44250839,68.44250839,0,68.44250839,47.40262766,0,47.40262766,47.40262766,0,47.40262766,41.54692446,0,41.54692446,41.54692446,0,41.54692446,47.93114953,0,47.93114953,47.93114953,0,47.93114953,56.28181056,0,56.28181056,56.28181056,0,56.28181056,39.11147663,0,39.11147663,39.11147663,0,39.11147663,33.79102987,0,33.79102987,33.79102987,0,33.79102987,37.73255688,0,37.73255688,37.73255688,0,37.73255688,43.221659,0,43.221659,43.221659,0,43.221659,32.17344347,0,32.17344347,32.17344347,0,32.17344347,27.19836965,0,27.19836965,27.19836965,0,27.19836965,29.95667907,0,29.95667907,29.95667907,0,29.95667907,31.81053105,0,31.81053105,31.81053105,0,31.81053105,26.47070417,0,26.47070417,26.47070417,0,26.47070417,4.930762635,0,4.930762635,4.930762635,0,4.930762635,1.979203238,0,1.979203238,1.979203238,0,1.979203238,4.65537546,0,4.65537546,4.65537546,0,4.65537546,5.688228359,0,5.688228359,5.688228359,0,5.688228359,2.194758915,0,2.194758915,2.194758915,0,2.194758915,4.214452873,0,4.214452873,4.214452873,0,4.214452873,3.628336954,0,3.628336954,3.628336954,0,3.628336954,1.988136422,0,1.988136422,1.988136422,0,1.988136422,5.176264179,0,5.176264179,5.176264179,0,5.176264179,5.689747842,0,5.689747842,5.689747842,0,5.689747842,0.772860129,0,0.772860129,0.772860129,0,0.772860129,15.89495505,4.9923,-3.9226,-1.0697,-4.5548,-2.2926,0.2191,9.672360279,14.78115347,5.459197482,0,5.459197482,5.459197482,0,5.459197482,1.979203238,0,1.979203238,1.979203238,0,1.979203238,5.686116808,0,5.686116808,5.686116808,0,5.686116808,5.919299616,0,5.919299616,5.919299616,0,5.919299616,2.194758915,0,2.194758915,2.194758915,0,2.194758915,4.252778898,0,4.252778898,4.252778898,0,4.252778898,3.628336954,0,3.628336954,3.628336954,0,3.628336954,1.988136422,0,1.988136422,1.988136422,0,1.988136422,5.553315427,0,5.553315427,5.553315427,0,5.553315427
oxoammo36,0.066976965,0.05,0,0.150930894,4,0,13,-1.3353381,0.021189299,-0.27786,0,-0.27786,-0.27786,0,-0.27786,0.05592,0,0.05592,0.05592,0,0.05592,-0.11097,0,-0.11097,-0.11097,0,-0.11097,0.33378,0,0.33378,0.33378,0,0.33378,0.01845,0,0.01845,0.01845,0,0.01845,103.9,0,103.9,103.9,0,103.9,41.2874,0,41.2874,41.2874,0,41.2874,1.6343,0,1.6343,1.6343,0,1.6343,1007.996,0,1007.996,1007.996,0,1007.996,336.8207308,0,336.8207308,336.8207308,0,336.8207308,488.6796516,0,488.6796516,488.6796516,0,488.6796516,0.890775262,0,0.890775262,0.890775262,0,0.890775262,-0.83075,0,-0.83075,-0.83075,0,-0.83075,-0.05652,0,-0.05652,-0.05652,0,-0.05652,-0.1581,0,-0.1581,-0.1581,0,-0.1581,-0.59379,0,-0.59379,-0.59379,0,-0.59379,209.4159,0,209.4159,209.4159,0,209.4159,138.4628,0,138.4628,138.4628,0,138.4628,40.1979,0,40.1979,40.1979,0,40.1979,156.7155,0,156.7155,156.7155,0,156.7155,54.5301326,0,54.5301326,54.5301326,0,54.5301326,78.58872169,0,78.58872169,78.58872169,0,78.58872169,82.02007598,0,82.02007598,82.02007598,0,82.02007598,57.70075983,0,57.70075983,57.70075983,0,57.70075983,45.52739471,0,45.52739471,45.52739471,0,45.52739471,63.74627283,0,63.74627283,63.74627283,0,63.74627283,71.05152814,0,71.05152814,71.05152814,0,71.05152814,47.59131569,0,47.59131569,47.59131569,0,47.59131569,37.74362237,0,37.74362237,37.74362237,0,37.74362237,49.25865868,0,49.25865868,49.25865868,0,49.25865868,58.51204146,0,58.51204146,58.51204146,0,58.51204146,39.55527279,0,39.55527279,39.55527279,0,39.55527279,30.88936046,0,30.88936046,30.88936046,0,30.88936046,38.80687739,0,38.80687739,38.80687739,0,38.80687739,46.0294373,0,46.0294373,46.0294373,0,46.0294373,32.82362582,0,32.82362582,32.82362582,0,32.82362582,25.63444073,0,25.63444073,25.63444073,0,25.63444073,30.85285863,0,30.85285863,30.85285863,0,30.85285863,35.35188893,0,35.35188893,35.35188893,0,35.35188893,27.12662798,0,27.12662798,27.12662798,0,27.12662798,5.305025016,0,5.305025016,5.305025016,0,5.305025016,1.996929148,0,1.996929148,1.996929148,0,1.996929148,4.276738755,0,4.276738755,4.276738755,0,4.276738755,5.601843534,0,5.601843534,5.601843534,0,5.601843534,2.393308478,0,2.393308478,2.393308478,0,2.393308478,4.265449263,0,4.265449263,4.265449263,0,4.265449263,3.628299515,0,3.628299515,3.628299515,0,3.628299515,2.001048784,0,2.001048784,2.001048784,0,2.001048784,5.067910298,0,5.067910298,5.067910298,0,5.067910298,5.549933568,0,5.549933568,5.549933568,0,5.549933568,0.760858118,0,0.760858118,0.760858118,0,0.760858118,16.04796356,4.2841,-1.9317,-2.3524,-6.692,2.9808,1.0122,11.70486764,19.2245581,6.448372132,0,6.448372132,6.448372132,0,6.448372132,1.996929148,0,1.996929148,1.996929148,0,1.996929148,6.713685202,0,6.713685202,6.713685202,0,6.713685202,6.934645554,0,6.934645554,6.934645554,0,6.934645554,2.393308478,0,2.393308478,2.393308478,0,2.393308478,4.265449263,0,4.265449263,4.265449263,0,4.265449263,3.628299515,0,3.628299515,3.628299515,0,3.628299515,2.001048784,0,2.001048784,2.001048784,0,2.001048784,6.380683123,0,6.380683123,6.380683123,0,6.380683123
oxoammo37,0.723950403,0.76,0.730565919,0.68128529,58,56,53,-0.1164684,0.245512668,-0.2595,0,-0.2595,-0.2595,0,-0.2595,-0.01469,0,-0.01469,-0.01469,0,-0.01469,-0.137095,0,-0.137095,-0.137095,0,-0.137095,0.24481,0,0.24481,0.24481,0,0.24481,0.03839,0,0.03839,0.03839,0,0.03839,220.947,0,220.947,220.947,0,220.947,149.566,0,149.566,149.566,0,149.566,1.5506,0,1.5506,1.5506,0,1.5506,1948.017,0,1948.017,1948.017,0,1948.017,467.9131911,0,467.9131911,467.9131911,0,467.9131911,745.8562415,0,745.8562415,745.8562415,0,745.8562415,0.850006516,0,0.850006516,0.850006516,0,0.850006516,-0.83366,0,-0.83366,-0.83366,0,-0.83366,-0.05878,0,-0.05878,-0.05878,0,-0.05878,-0.60846,0,-0.60846,-0.60846,0,-0.60846,-0.01426,0,-0.01426,-0.01426,0,-0.01426,194.8475,0,194.8475,194.8475,0,194.8475,124.5973,0,124.5973,124.5973,0,124.5973,163.2759,0,163.2759,163.2759,0,163.2759,17.096,0,17.096,17.096,0,17.096,59.97187872,0,59.97187872,59.97187872,0,59.97187872,80.75834327,0,80.75834327,80.75834327,0,80.75834327,61.28575685,0,61.28575685,61.28575685,0,61.28575685,83.84795888,0,83.84795888,83.84795888,0,83.84795888,52.45119735,0,52.45119735,52.45119735,0,52.45119735,66.85787831,0,66.85787831,66.85787831,0,66.85787831,52.39878401,0,52.39878401,52.39878401,0,52.39878401,74.93302739,0,74.93302739,74.93302739,0,74.93302739,45.98682577,0,45.98682577,45.98682577,0,45.98682577,53.13838371,0,53.13838371,53.13838371,0,53.13838371,45.85221277,0,45.85221277,45.85221277,0,45.85221277,64.28100366,0,64.28100366,64.28100366,0,64.28100366,39.90969086,0,39.90969086,39.90969086,0,39.90969086,43.90738972,0,43.90738972,43.90738972,0,43.90738972,40.36259335,0,40.36259335,40.36259335,0,40.36259335,52.8615079,0,52.8615079,52.8615079,0,52.8615079,34.46792911,0,34.46792911,34.46792911,0,34.46792911,37.34942134,0,37.34942134,37.34942134,0,37.34942134,35.58189587,0,35.58189587,35.58189587,0,35.58189587,42.02977673,0,42.02977673,42.02977673,0,42.02977673,4.610456545,0,4.610456545,4.610456545,0,4.610456545,2.024020559,0,2.024020559,2.024020559,0,2.024020559,4.83880537,0,4.83880537,4.83880537,0,4.83880537,3.627619583,0,3.627619583,3.627619583,0,3.627619583,2.032518591,0,2.032518591,2.032518591,0,2.032518591,5.04535335,0,5.04535335,5.04535335,0,5.04535335,5.640421998,0,5.640421998,5.640421998,0,5.640421998,2.464534609,0,2.464534609,2.464534609,0,2.464534609,4.934358064,0,4.934358064,4.934358064,0,4.934358064,5.849491888,0,5.849491888,5.849491888,0,5.849491888,0.791529091,0,0.791529091,0.791529091,0,0.791529091,19.63099873,4.51,3.6061,-8.1161,2.5257,-1.859,-3.5675,12.01413051,16.85809275,5.131677889,0,5.131677889,5.131677889,0,5.131677889,2.024020559,0,2.024020559,2.024020559,0,2.024020559,6.966874716,0,6.966874716,6.966874716,0,6.966874716,4.890701633,0,4.890701633,4.890701633,0,4.890701633,2.032518591,0,2.032518591,2.032518591,0,2.032518591,6.84485006,0,6.84485006,6.84485006,0,6.84485006,6.924695485,0,6.924695485,6.924695485,0,6.924695485,2.464534609,0,2.464534609,2.464534609,0,2.464534609,7.062870826,0,7.062870826,7.062870826,0,7.062870826
oxoammo4,0.326690322,0.29,0.307205338,0.382865627,25,26,32,-0.5303872,0.11058971,-0.27218,0,-0.27218,-0.27218,0,-0.27218,0.01815,0,0.01815,0.01815,0,0.01815,-0.127015,0,-0.127015,-0.127015,0,-0.127015,0.29033,0,0.29033,0.29033,0,0.29033,0.02778,0,0.02778,0.02778,0,0.02778,118.487,0,118.487,118.487,0,118.487,60.0485,0,60.0485,60.0485,0,60.0485,0.8451,0,0.8451,0.8451,0,0.8451,1739.202,0,1739.202,1739.202,0,1739.202,339.8815048,0,339.8815048,339.8815048,0,339.8815048,500.5667375,0,500.5667375,500.5667375,0,500.5667375,0.897011306,0,0.897011306,0.897011306,0,0.897011306,-0.63272,0,-0.63272,-0.63272,0,-0.63272,-0.06589,0,-0.06589,-0.06589,0,-0.06589,-0.02478,0,-0.02478,-0.02478,0,-0.02478,-0.39653,0,-0.39653,-0.39653,0,-0.39653,196.6436,0,196.6436,196.6436,0,196.6436,117.658,0,117.658,117.658,0,117.658,7.2907,0,7.2907,7.2907,0,7.2907,140.817,0,140.817,140.817,0,140.817,67.68939958,0,67.68939958,67.68939958,0,67.68939958,79.9556764,0,79.9556764,79.9556764,0,79.9556764,81.68299315,0,81.68299315,81.68299315,0,81.68299315,69.27704112,0,69.27704112,69.27704112,0,69.27704112,58.01225307,0,58.01225307,58.01225307,0,58.01225307,68.07503261,0,68.07503261,68.07503261,0,68.07503261,70.134877,0,70.134877,70.134877,0,70.134877,58.86018449,0,58.86018449,58.86018449,0,58.86018449,47.62080256,0,47.62080256,47.62080256,0,47.62080256,55.14128546,0,55.14128546,55.14128546,0,55.14128546,57.30285209,0,57.30285209,57.30285209,0,57.30285209,48.04830551,0,48.04830551,48.04830551,0,48.04830551,38.21123871,0,38.21123871,38.21123871,0,38.21123871,43.59993704,0,43.59993704,43.59993704,0,43.59993704,46.01668331,0,46.01668331,46.01668331,0,46.01668331,38.67445294,0,38.67445294,38.67445294,0,38.67445294,30.45887074,0,30.45887074,30.45887074,0,30.45887074,34.25625177,0,34.25625177,34.25625177,0,34.25625177,36.22855634,0,36.22855634,36.22855634,0,36.22855634,30.76456119,0,30.76456119,30.76456119,0,30.76456119,5.330594403,0,5.330594403,5.330594403,0,5.330594403,2.089946719,0,2.089946719,2.089946719,0,2.089946719,4.363787611,0,4.363787611,4.363787611,0,4.363787611,5.723784414,0,5.723784414,5.723784414,0,5.723784414,2.079705407,0,2.079705407,2.079705407,0,2.079705407,3.946000796,0,3.946000796,3.946000796,0,3.946000796,4.432018662,0,4.432018662,4.432018662,0,4.432018662,2.134185593,0,2.134185593,2.134185593,0,2.134185593,5.359077632,0,5.359077632,5.359077632,0,5.359077632,5.362300328,0,5.362300328,5.362300328,0,5.362300328,0.739421922,0,0.739421922,0.739421922,0,0.739421922,17.03392426,2.0893,3.6166,-5.7059,0.7401,1.7787,0.5393,7.616232483,9.950758485,5.934156029,0,5.934156029,5.934156029,0,5.934156029,2.1181179,0,2.1181179,2.1181179,0,2.1181179,5.781524253,0,5.781524253,5.781524253,0,5.781524253,6.915604401,0,6.915604401,6.915604401,0,6.915604401,2.079705407,0,2.079705407,2.079705407,0,2.079705407,3.946000796,0,3.946000796,3.946000796,0,3.946000796,4.432018662,0,4.432018662,4.432018662,0,4.432018662,2.134185593,0,2.134185593,2.134185593,0,2.134185593,6.147991753,0,6.147991753,6.147991753,0,6.147991753
oxoammo40,0.588767809,0.48,0.588843967,0.697459461,39,47,54,-0.3229435,0.170261715,-0.28277,0,-0.28277,-0.28277,0,-0.28277,-0.03119,0,-0.03119,-0.03119,0,-0.03119,-0.15698,0,-0.15698,-0.15698,0,-0.15698,0.25158,0,0.25158,0.25158,0,0.25158,0.04898,0,0.04898,0.04898,0,0.04898,216.084,0,216.084,216.084,0,216.084,146.199,0,146.199,146.199,0,146.199,1.166,0,1.166,1.166,0,1.166,2083.364,0,2083.364,2083.364,0,2083.364,469.7827308,0,469.7827308,469.7827308,0,469.7827308,741.5659991,0,741.5659991,741.5659991,0,741.5659991,0.843374144,0,0.843374144,0.843374144,0,0.843374144,-0.83456,0,-0.83456,-0.83456,0,-0.83456,-0.07203,0,-0.07203,-0.07203,0,-0.07203,-0.59533,0,-0.59533,-0.59533,0,-0.59533,-0.00632,0,-0.00632,-0.00632,0,-0.00632,212.9182,0,212.9182,212.9182,0,212.9182,134.3428,0,134.3428,134.3428,0,134.3428,158.0643,0,158.0643,158.0643,0,158.0643,14.4601,0,14.4601,14.4601,0,14.4601,55.69409267,0,55.69409267,55.69409267,0,55.69409267,82.19047974,0,82.19047974,82.19047974,0,82.19047974,59.4215584,0,59.4215584,59.4215584,0,59.4215584,85.10689809,0,85.10689809,85.10689809,0,85.10689809,46.90877749,0,46.90877749,46.90877749,0,46.90877749,68.34874674,0,68.34874674,68.34874674,0,68.34874674,50.25333116,0,50.25333116,50.25333116,0,50.25333116,76.42971953,0,76.42971953,76.42971953,0,76.42971953,39.58669543,0,39.58669543,39.58669543,0,39.58669543,54.5686953,0,54.5686953,54.5686953,0,54.5686953,43.52577432,0,43.52577432,43.52577432,0,43.52577432,65.26674322,0,65.26674322,65.26674322,0,65.26674322,33.21737148,0,33.21737148,33.21737148,0,33.21737148,45.00179099,0,45.00179099,45.00179099,0,45.00179099,37.98492315,0,37.98492315,37.98492315,0,37.98492315,53.32038034,0,53.32038034,53.32038034,0,53.32038034,28.29637192,0,28.29637192,28.29637192,0,28.29637192,37.88078269,0,37.88078269,37.88078269,0,37.88078269,33.23156791,0,33.23156791,33.23156791,0,33.23156791,42.10013875,0,42.10013875,42.10013875,0,42.10013875,5.393504935,0,5.393504935,5.393504935,0,5.393504935,1.996849863,0,1.996849863,1.996849863,0,1.996849863,4.214436291,0,4.214436291,4.214436291,0,4.214436291,3.629218585,0,3.629218585,3.629218585,0,3.629218585,2.232167622,0,2.232167622,2.232167622,0,2.232167622,5.411059504,0,5.411059504,5.411059504,0,5.411059504,5.751733372,0,5.751733372,5.751733372,0,5.751733372,2.819392564,0,2.819392564,2.819392564,0,2.819392564,4.89562156,0,4.89562156,4.89562156,0,4.89562156,5.394830419,0,5.394830419,5.394830419,0,5.394830419,0.744529386,0,0.744529386,0.744529386,0,0.744529386,19.38933966,3.0559,3.042,-6.0978,-1.091,6.9585,-3.1262,13.21149927,20.97541319,7.462888465,0,7.462888465,7.462888465,0,7.462888465,2.706303744,0,2.706303744,2.706303744,0,2.706303744,5.765379376,0,5.765379376,5.765379376,0,5.765379376,3.629218585,0,3.629218585,3.629218585,0,3.629218585,2.451937273,0,2.451937273,2.451937273,0,2.451937273,6.730919578,0,6.730919578,6.730919578,0,6.730919578,6.91413408,0,6.91413408,6.91413408,0,6.91413408,2.819392564,0,2.819392564,2.819392564,0,2.819392564,6.716171503,0,6.716171503,6.716171503,0,6.716171503
oxoammo42,0.301738296,0.34,0.294857949,0.270356939,29,25,23,-0.4625891,0.127104798,-0.26002,0,-0.26002,-0.26002,0,-0.26002,-0.01157,0,-0.01157,-0.01157,0,-0.01157,-0.135795,0,-0.135795,-0.135795,0,-0.135795,0.24845,0,0.24845,0.24845,0,0.24845,0.03711,0,0.03711,0.03711,0,0.03711,213.385,0,213.385,213.385,0,213.385,80.1897,0,80.1897,80.1897,0,80.1897,1.4486,0,1.4486,1.4486,0,1.4486,2269.219,0,2269.219,2269.219,0,2269.219,457.7529336,0,457.7529336,457.7529336,0,457.7529336,737.2620927,0,737.2620927,737.2620927,0,737.2620927,0.862185917,0,0.862185917,0.862185917,0,0.862185917,-0.82905,0,-0.82905,-0.82905,0,-0.82905,-0.06007,0,-0.06007,-0.06007,0,-0.06007,-0.60043,0,-0.60043,-0.60043,0,-0.60043,-0.01554,0,-0.01554,-0.01554,0,-0.01554,205.4046,0,205.4046,205.4046,0,205.4046,124.7822,0,124.7822,124.7822,0,124.7822,157.8151,0,157.8151,157.8151,0,157.8151,14.4297,0,14.4297,14.4297,0,14.4297,64.28598033,0,64.28598033,64.28598033,0,64.28598033,80.38680721,0,80.38680721,80.38680721,0,80.38680721,60.13855781,0,60.13855781,60.13855781,0,60.13855781,85.98033373,0,85.98033373,85.98033373,0,85.98033373,57.70709094,0,57.70709094,57.70709094,0,57.70709094,67.33775158,0,67.33775158,67.33775158,0,67.33775158,50.86482016,0,50.86482016,50.86482016,0,50.86482016,77.72957044,0,77.72957044,77.72957044,0,77.72957044,52.059928,0,52.059928,52.059928,0,52.059928,54.48722922,0,54.48722922,54.48722922,0,54.48722922,43.71624977,0,43.71624977,43.71624977,0,43.71624977,67.21611011,0,67.21611011,67.21611011,0,67.21611011,46.48423932,0,46.48423932,46.48423932,0,46.48423932,45.78901094,0,45.78901094,45.78901094,0,45.78901094,38.02291377,0,38.02291377,38.02291377,0,38.02291377,55.66711532,0,55.66711532,55.66711532,0,55.66711532,41.19292201,0,41.19292201,41.19292201,0,41.19292201,39.43919302,0,39.43919302,39.43919302,0,39.43919302,33.25482482,0,33.25482482,33.25482482,0,33.25482482,44.68776607,0,44.68776607,44.68776607,0,44.68776607,5.182790977,0,5.182790977,5.182790977,0,5.182790977,2.005667356,0,2.005667356,2.005667356,0,2.005667356,5.361859217,0,5.361859217,5.361859217,0,5.361859217,3.628906879,0,3.628906879,3.628906879,0,3.628906879,2.010355443,0,2.010355443,2.010355443,0,2.010355443,5.3812055,0,5.3812055,5.3812055,0,5.3812055,5.658980749,0,5.658980749,5.658980749,0,5.658980749,2.346378199,0,2.346378199,2.346378199,0,2.346378199,5.182441237,0,5.182441237,5.182441237,0,5.182441237,5.533230035,0,5.533230035,5.533230035,0,5.533230035,0.757988508,0,0.757988508,0.757988508,0,0.757988508,19.84099943,2.5191,-1.5722,-0.947,-1.6788,0.9971,-1.1598,4.47547924,6.746703885,5.788472353,0,5.788472353,5.788472353,0,5.788472353,2.005667356,0,2.005667356,2.005667356,0,2.005667356,6.410894009,0,6.410894009,6.410894009,0,6.410894009,3.738666852,0,3.738666852,3.738666852,0,3.738666852,2.010355443,0,2.010355443,2.010355443,0,2.010355443,6.937443695,0,6.937443695,6.937443695,0,6.937443695,6.924838043,0,6.924838043,6.924838043,0,6.924838043,2.490416471,0,2.490416471,2.490416471,0,2.490416471,6.92886226,0,6.92886226,6.92886226,0,6.92886226
oxoammo43,1.219662565,1.18,1.177903912,1.301083782,77,77,81,0.07110986,0.338456494,-0.2613,0,-0.2613,-0.2613,0,-0.2613,-0.01913,0,-0.01913,-0.01913,0,-0.01913,-0.140215,0,-0.140215,-0.140215,0,-0.140215,0.24217,0,0.24217,0.24217,0,0.24217,0.04059,0,0.04059,0.04059,0,0.04059,309.365,0,309.365,309.365,0,309.365,223.969,0,223.969,223.969,0,223.969,1.0983,0,1.0983,1.0983,0,1.0983,3493.896,0,3493.896,3493.896,0,3493.896,589.904583,0,589.904583,589.904583,0,589.904583,981.9233385,0,981.9233385,981.9233385,0,981.9233385,0.809880128,0,0.809880128,0.809880128,0,0.809880128,-0.8441,0,-0.8441,-0.8441,0,-0.8441,-0.04961,0,-0.04961,-0.04961,0,-0.04961,-0.04399,0,-0.04399,-0.04399,0,-0.04399,-0.41858,0,-0.41858,-0.41858,0,-0.41858,212.1368,0,212.1368,212.1368,0,212.1368,121.9416,0,121.9416,121.9416,0,121.9416,23.6825,0,23.6825,23.6825,0,23.6825,143.1873,0,143.1873,143.1873,0,143.1873,67.68660608,0,67.68660608,67.68660608,0,67.68660608,88.26542014,0,88.26542014,88.26542014,0,88.26542014,85.52499255,0,85.52499255,85.52499255,0,85.52499255,80.79186532,0,80.79186532,80.79186532,0,80.79186532,61.18034849,0,61.18034849,61.18034849,0,61.18034849,78.55420704,0,78.55420704,78.55420704,0,78.55420704,78.24962728,0,78.24962728,78.24962728,0,78.24962728,72.95355013,0,72.95355013,72.95355013,0,72.95355013,55.58042642,0,55.58042642,55.58042642,0,55.58042642,67.25180001,0,67.25180001,67.25180001,0,67.25180001,68.79383651,0,68.79383651,68.79383651,0,68.79383651,64.50522935,0,64.50522935,64.50522935,0,64.50522935,50.0211662,0,50.0211662,50.0211662,0,50.0211662,57.44263416,0,57.44263416,57.44263416,0,57.44263416,57.48550929,0,57.48550929,57.48550929,0,57.48550929,56.28609109,0,56.28609109,56.28609109,0,56.28609109,44.41262496,0,44.41262496,44.41262496,0,44.41262496,48.78078585,0,48.78078585,48.78078585,0,48.78078585,46.61217716,0,46.61217716,46.61217716,0,46.61217716,49.22345558,0,49.22345558,49.22345558,0,49.22345558,5.234422851,0,5.234422851,5.234422851,0,5.234422851,2.09363586,0,2.09363586,2.09363586,0,2.09363586,4.99199037,0,4.99199037,4.99199037,0,4.99199037,5.776570031,0,5.776570031,5.776570031,0,5.776570031,2.674267722,0,2.674267722,2.674267722,0,2.674267722,4.37560606,0,4.37560606,4.37560606,0,4.37560606,4.548436676,0,4.548436676,4.548436676,0,4.548436676,3.677000021,0,3.677000021,3.677000021,0,3.677000021,5.378586821,0,5.378586821,5.378586821,0,5.378586821,5.486362942,0,5.486362942,5.486362942,0,5.486362942,0.754362318,0,0.754362318,0.754362318,0,0.754362318,20.39833273,6.4532,5.4543,-11.9075,-1.7474,-3.0344,0.3872,15.42736409,19.85542964,6.142691192,0,6.142691192,6.142691192,0,6.142691192,3.246670844,0,3.246670844,3.246670844,0,3.246670844,6.876359306,0,6.876359306,6.876359306,0,6.876359306,6.456272613,0,6.456272613,6.456272613,0,6.456272613,2.674267722,0,2.674267722,2.674267722,0,2.674267722,5.660286304,0,5.660286304,5.660286304,0,5.660286304,5.412206106,0,5.412206106,5.412206106,0,5.412206106,4.571021169,0,4.571021169,4.571021169,0,4.571021169,6.414050993,0,6.414050993,6.414050993,0,6.414050993
oxoammo44,0.707385682,1.05,1.072157046,0,72,73,0,0.02028617,0.311753861,-0.27995,0,-0.27995,-0.27995,0,-0.27995,-0.00104,0,-0.00104,-0.00104,0,-0.00104,-0.140495,0,-0.140495,-0.140495,0,-0.140495,0.27891,0,0.27891,0.27891,0,0.27891,0.03539,0,0.03539,0.03539,0,0.03539,200.622,0,200.622,200.622,0,200.622,130.002,0,130.002,130.002,0,130.002,3.0006,0,3.0006,3.0006,0,3.0006,2179.533,0,2179.533,2179.533,0,2179.533,470.1324458,0,470.1324458,470.1324458,0,470.1324458,750.4686129,0,750.4686129,750.4686129,0,750.4686129,0.849478234,0,0.849478234,0.849478234,0,0.849478234,-0.84303,0,-0.84303,-0.84303,0,-0.84303,-0.0497,0,-0.0497,-0.0497,0,-0.0497,-0.04576,0,-0.04576,-0.04576,0,-0.04576,-0.41673,0,-0.41673,-0.41673,0,-0.41673,215.9142,0,215.9142,215.9142,0,215.9142,126.302,0,126.302,126.302,0,126.302,24.5332,0,24.5332,24.5332,0,24.5332,142.623,0,142.623,142.623,0,142.623,64.97411353,0,64.97411353,64.97411353,0,64.97411353,87.56331943,0,87.56331943,87.56331943,0,87.56331943,85.50730036,0,85.50730036,85.50730036,0,85.50730036,78.60827622,0,78.60827622,78.60827622,0,78.60827622,58.25160734,0,58.25160734,58.25160734,0,58.25160734,77.10759877,0,77.10759877,77.10759877,0,77.10759877,78.0225028,0,78.0225028,78.0225028,0,78.0225028,70.11216455,0,70.11216455,70.11216455,0,70.11216455,52.35902489,0,52.35902489,52.35902489,0,52.35902489,65.32454534,0,65.32454534,65.32454534,0,65.32454534,68.17236671,0,68.17236671,68.17236671,0,68.17236671,61.28305195,0,61.28305195,61.28305195,0,61.28305195,46.37976511,0,46.37976511,46.37976511,0,46.37976511,55.28829455,0,55.28829455,55.28829455,0,55.28829455,56.52136158,0,56.52136158,56.52136158,0,56.52136158,52.37170024,0,52.37170024,52.37170024,0,52.37170024,40.36789284,0,40.36789284,40.36789284,0,40.36789284,46.16517139,0,46.16517139,46.16517139,0,46.16517139,45.49584529,0,45.49584529,45.49584529,0,45.49584529,44.57010186,0,44.57010186,44.57010186,0,44.57010186,5.266168361,0,5.266168361,5.266168361,0,5.266168361,2.08748247,0,2.08748247,2.08748247,0,2.08748247,4.913678419,0,4.913678419,4.913678419,0,4.913678419,5.774257315,0,5.774257315,5.774257315,0,5.774257315,2.642741639,0,2.642741639,2.642741639,0,2.642741639,4.279715202,0,4.279715202,4.279715202,0,4.279715202,4.548107484,0,4.548107484,4.548107484,0,4.548107484,3.575005395,0,3.575005395,3.575005395,0,3.575005395,5.382335503,0,5.382335503,5.382335503,0,5.382335503,5.435890066,0,5.435890066,5.435890066,0,5.435890066,0.748748888,0,0.748748888,0.748748888,0,0.748748888,18.79082706,-1.3549,2.5229,-1.168,10.1134,2.3728,0.5872,15.0358468,25.76591863,6.20909941,0,6.20909941,6.20909941,0,6.20909941,3.201173807,0,3.201173807,3.201173807,0,3.201173807,6.611053307,0,6.611053307,6.611053307,0,6.611053307,6.454283602,0,6.454283602,6.454283602,0,6.454283602,2.642741639,0,2.642741639,2.642741639,0,2.642741639,4.494765714,0,4.494765714,4.494765714,0,4.494765714,5.168400778,0,5.168400778,5.168400778,0,5.168400778,3.611830588,0,3.611830588,3.611830588,0,3.611830588,5.79784165,0,5.79784165,5.79784165,0,5.79784165
oxoammo46,1.414563706,1.301083782,1.301083782,1.641523553,81,81,89,0.114305264,0.361932432,-0.29014,0,-0.29014,-0.29014,0,-0.29014,-0.03678,0,-0.03678,-0.03678,0,-0.03678,-0.16346,0,-0.16346,-0.16346,0,-0.16346,0.25336,0,0.25336,0.25336,0,0.25336,0.05273,0,0.05273,0.05273,0,0.05273,221.12,0,221.12,221.12,0,221.12,169.699,0,169.699,169.699,0,169.699,6.4993,0,6.4993,6.4993,0,6.4993,2682.229,0,2682.229,2682.229,0,2682.229,506.8721559,0,506.8721559,506.8721559,0,506.8721559,809.4804457,0,809.4804457,809.4804457,0,809.4804457,0.828685865,0,0.828685865,0.828685865,0,0.828685865,-0.84537,0,-0.84537,-0.84537,0,-0.84537,-0.04903,0,-0.04903,-0.04903,0,-0.04903,-0.04995,0,-0.04995,-0.04995,0,-0.04995,-0.42128,0,-0.42128,-0.42128,0,-0.42128,214.2672,0,214.2672,214.2672,0,214.2672,127.8135,0,127.8135,127.8135,0,127.8135,25.7621,0,25.7621,25.7621,0,25.7621,142.5794,0,142.5794,142.5794,0,142.5794,65.50581049,0,65.50581049,65.50581049,0,65.50581049,87.51210518,0,87.51210518,87.51210518,0,87.51210518,85.56317044,0,85.56317044,85.56317044,0,85.56317044,78.37455304,0,78.37455304,78.37455304,0,78.37455304,58.71575662,0,58.71575662,58.71575662,0,58.71575662,77.09187477,0,77.09187477,77.09187477,0,77.09187477,78.06501584,0,78.06501584,78.06501584,0,78.06501584,69.96890142,0,69.96890142,69.96890142,0,69.96890142,52.70040655,0,52.70040655,52.70040655,0,52.70040655,65.3195022,0,65.3195022,65.3195022,0,65.3195022,68.17275464,0,68.17275464,68.17275464,0,68.17275464,61.25628453,0,61.25628453,61.25628453,0,61.25628453,46.56591916,0,46.56591916,46.56591916,0,46.56591916,55.3140739,0,55.3140739,55.3140739,0,55.3140739,56.54442732,0,56.54442732,56.54442732,0,56.54442732,52.39965049,0,52.39965049,52.39965049,0,52.39965049,40.5318738,0,40.5318738,40.5318738,0,40.5318738,46.18724575,0,46.18724575,46.18724575,0,46.18724575,45.51949639,0,45.51949639,45.51949639,0,45.51949639,44.60794362,0,44.60794362,44.60794362,0,44.60794362,5.266093817,0,5.266093817,5.266093817,0,5.266093817,2.089112848,0,2.089112848,2.089112848,0,2.089112848,4.815522876,0,4.815522876,4.815522876,0,4.815522876,5.773149856,0,5.773149856,5.773149856,0,5.773149856,2.618185375,0,2.618185375,2.618185375,0,2.618185375,4.279215625,0,4.279215625,4.279215625,0,4.279215625,4.506201764,0,4.506201764,4.506201764,0,4.506201764,3.629307959,0,3.629307959,3.629307959,0,3.629307959,5.388971302,0,5.388971302,5.388971302,0,5.388971302,5.44115745,0,5.44115745,5.44115745,0,5.44115745,0.749327221,0,0.749327221,0.749327221,0,0.749327221,19.06450332,-32.1988,18.2845,13.9143,-12.1475,-1.2272,0.3208,43.16288665,56.93912751,6.195151742,0,6.195151742,6.195151742,0,6.195151742,3.150672781,0,3.150672781,3.150672781,0,3.150672781,6.612207938,0,6.612207938,6.612207938,0,6.612207938,6.452392265,0,6.452392265,6.452392265,0,6.452392265,2.618185375,0,2.618185375,2.618185375,0,2.618185375,4.496003766,0,4.496003766,4.496003766,0,4.496003766,5.150674005,0,5.150674005,5.150674005,0,5.150674005,3.76532933,0,3.76532933,3.76532933,0,3.76532933,5.804349347,0,5.804349347,5.804349347,0,5.804349347
oxoammo47,1.4332884,1.34,1.371628389,1.588236811,82,83,88,0.125635,0.369215857,-0.28739,0,-0.28739,-0.28739,0,-0.28739,-0.02613,0,-0.02613,-0.02613,0,-0.02613,-0.15676,0,-0.15676,-0.15676,0,-0.15676,0.26126,0,0.26126,0.26126,0,0.26126,0.04703,0,0.04703,0.04703,0,0.04703,232.062,0,232.062,232.062,0,232.062,139.465,0,139.465,139.465,0,139.465,3.4285,0,3.4285,3.4285,0,3.4285,2813.642,0,2813.642,2813.642,0,2813.642,582.0877217,0,582.0877217,582.0877217,0,582.0877217,952.2931939,0,952.2931939,952.2931939,0,952.2931939,0.804160628,0,0.804160628,0.804160628,0,0.804160628,-0.84462,0,-0.84462,-0.84462,0,-0.84462,-0.04913,0,-0.04913,-0.04913,0,-0.04913,-0.04881,0,-0.04881,-0.04881,0,-0.04881,-0.41757,0,-0.41757,-0.41757,0,-0.41757,214.2516,0,214.2516,214.2516,0,214.2516,127.5383,0,127.5383,127.5383,0,127.5383,25.6532,0,25.6532,25.6532,0,25.6532,139.6616,0,139.6616,139.6616,0,139.6616,65.54864422,0,65.54864422,65.54864422,0,65.54864422,87.56797527,0,87.56797527,87.56797527,0,87.56797527,85.53989124,0,85.53989124,85.53989124,0,85.53989124,78.53378278,0,78.53378278,78.53378278,0,78.53378278,59.04770779,0,59.04770779,59.04770779,0,59.04770779,77.13904678,0,77.13904678,77.13904678,0,77.13904678,78.04579761,0,78.04579761,78.04579761,0,78.04579761,70.11158218,0,70.11158218,70.11158218,0,70.11158218,53.52088635,0,53.52088635,53.52088635,0,53.52088635,65.39320961,0,65.39320961,65.39320961,0,65.39320961,68.1964186,0,68.1964186,68.1964186,0,68.1964186,61.43240643,0,61.43240643,61.43240643,0,61.43240643,47.98134118,0,47.98134118,47.98134118,0,47.98134118,55.56644017,0,55.56644017,55.56644017,0,55.56644017,56.56396535,0,56.56396535,56.56396535,0,56.56396535,53.53421327,0,53.53421327,53.53421327,0,53.53421327,42.55502822,0,42.55502822,42.55502822,0,42.55502822,47.06292769,0,47.06292769,47.06292769,0,47.06292769,45.54038819,0,45.54038819,45.54038819,0,45.54038819,47.04597774,0,47.04597774,47.04597774,0,47.04597774,5.264866817,0,5.264866817,5.264866817,0,5.264866817,2.088538791,0,2.088538791,2.088538791,0,2.088538791,4.813118203,0,4.813118203,4.813118203,0,4.813118203,5.773217494,0,5.773217494,5.773217494,0,5.773217494,2.622649124,0,2.622649124,2.622649124,0,2.622649124,4.279842419,0,4.279842419,4.279842419,0,4.279842419,4.490831047,0,4.490831047,4.490831047,0,4.490831047,3.610221065,0,3.610221065,3.610221065,0,3.610221065,5.389192703,0,5.389192703,5.389192703,0,5.389192703,5.439653692,0,5.439653692,5.439653692,0,5.439653692,0.749170336,0,0.749170336,0.749170336,0,0.749170336,18.9308484,1.3232,-3.7977,2.4745,-1.6677,0.2291,0.6594,5.36969,7.28394889,6.196577984,0,6.196577984,6.196577984,0,6.196577984,3.186855502,0,3.186855502,3.186855502,0,3.186855502,6.682165431,0,6.682165431,6.682165431,0,6.682165431,6.45280504,0,6.45280504,6.45280504,0,6.45280504,2.622649124,0,2.622649124,2.622649124,0,2.622649124,4.72583505,0,4.72583505,4.72583505,0,4.72583505,5.213396516,0,5.213396516,5.213396516,0,5.213396516,4.365559597,0,4.365559597,4.365559597,0,4.365559597,6.81687367,0,6.81687367,6.81687367,0,6.81687367
oxoammo48,0.970844016,0.94,0.875263672,1.097268375,67,64,74,-0.0287466,0.28780173,-0.27944,0,-0.27944,-0.27944,0,-0.27944,0.02549,0,0.02549,0.02549,0,0.02549,-0.126975,0,-0.126975,-0.126975,0,-0.126975,0.30493,0,0.30493,0.30493,0,0.30493,0.02644,0,0.02644,0.02644,0,0.02644,172.664,0,172.664,172.664,0,172.664,68.0781,0,68.0781,68.0781,0,68.0781,1.1783,0,1.1783,1.1783,0,1.1783,2239.686,0,2239.686,2239.686,0,2239.686,421.0416231,0,421.0416231,421.0416231,0,421.0416231,676.0000854,0,676.0000854,676.0000854,0,676.0000854,0.884688253,0,0.884688253,0.884688253,0,0.884688253,-0.84984,0,-0.84984,-0.84984,0,-0.84984,-0.05541,0,-0.05541,-0.05541,0,-0.05541,-0.04766,0,-0.04766,-0.04766,0,-0.04766,-0.04348,0,-0.04348,-0.04348,0,-0.04348,216.0079,0,216.0079,216.0079,0,216.0079,120.1553,0,120.1553,120.1553,0,120.1553,24.3548,0,24.3548,24.3548,0,24.3548,143.8662,0,143.8662,143.8662,0,143.8662,64.64354887,0,64.64354887,64.64354887,0,64.64354887,90.46856377,0,90.46856377,90.46856377,0,90.46856377,88.79246126,0,88.79246126,88.79246126,0,88.79246126,93.85894666,0,93.85894666,93.85894666,0,93.85894666,57.425806,0,57.425806,57.425806,0,57.425806,81.8003401,0,81.8003401,81.8003401,0,81.8003401,82.39726985,0,82.39726985,82.39726985,0,82.39726985,81.7391912,0,81.7391912,81.7391912,0,81.7391912,51.62854571,0,51.62854571,51.62854571,0,51.62854571,71.22036186,0,71.22036186,71.22036186,0,71.22036186,73.67132704,0,73.67132704,73.67132704,0,73.67132704,64.0823816,0,64.0823816,64.0823816,0,64.0823816,46.19930966,0,46.19930966,46.19930966,0,46.19930966,58.91477075,0,58.91477075,58.91477075,0,58.91477075,62.56132772,0,62.56132772,62.56132772,0,62.56132772,51.3611497,0,51.3611497,51.3611497,0,51.3611497,40.30955347,0,40.30955347,40.30955347,0,40.30955347,47.17270821,0,47.17270821,47.17270821,0,47.17270821,50.55856012,0,50.55856012,50.55856012,0,50.55856012,41.66554981,0,41.66554981,41.66554981,0,41.66554981,5.628610726,0,5.628610726,5.628610726,0,5.628610726,2.117314345,0,2.117314345,2.117314345,0,2.117314345,4.664542062,0,4.664542062,4.664542062,0,4.664542062,5.691057522,0,5.691057522,5.691057522,0,5.691057522,2.698249582,0,2.698249582,2.698249582,0,2.698249582,4.529818745,0,4.529818745,4.529818745,0,4.529818745,4.760356517,0,4.760356517,4.760356517,0,4.760356517,2.957771416,0,2.957771416,2.957771416,0,2.957771416,5.137895808,0,5.137895808,5.137895808,0,5.137895808,5.715176339,0,5.715176339,5.715176339,0,5.715176339,0.77837804,0,0.77837804,0.77837804,0,0.77837804,17.92304476,2.0871,-1.1267,-0.9603,-1.845,2.4289,-1.3389,5.360977731,8.740642059,5.846752879,0,5.846752879,5.846752879,0,5.846752879,2.852218061,0,2.852218061,2.852218061,0,2.852218061,5.829913709,0,5.829913709,5.829913709,0,5.829913709,6.477545975,0,6.477545975,6.477545975,0,6.477545975,2.698249582,0,2.698249582,2.698249582,0,2.698249582,4.529818745,0,4.529818745,4.529818745,0,4.529818745,4.760356517,0,4.760356517,4.760356517,0,4.760356517,2.957771416,0,2.957771416,2.957771416,0,2.957771416,5.696420244,0,5.696420244,5.696420244,0,5.696420244
oxoammo5,0.827855431,0.7,0.782322647,1.001243646,54,59,70,-0.156481,0.230448921,-0.2924,0,-0.2924,-0.2924,0,-0.2924,0.02408,0,0.02408,0.02408,0,0.02408,-0.13416,0,-0.13416,-0.13416,0,-0.13416,0.31648,0,0.31648,0.31648,0,0.31648,0.02844,0,0.02844,0.02844,0,0.02844,98.5957,0,98.5957,98.5957,0,98.5957,48.2629,0,48.2629,48.2629,0,48.2629,1.3394,0,1.3394,1.3394,0,1.3394,1433.753,0,1433.753,1433.753,0,1433.753,307.9514254,0,307.9514254,307.9514254,0,307.9514254,440.3787049,0,440.3787049,440.3787049,0,440.3787049,0.908976759,0,0.908976759,0.908976759,0,0.908976759,-0.83351,0,-0.83351,-0.83351,0,-0.83351,-0.0639,0,-0.0639,-0.0639,0,-0.0639,-0.02635,0,-0.02635,-0.02635,0,-0.02635,-0.59538,0,-0.59538,-0.59538,0,-0.59538,209.9727,0,209.9727,209.9727,0,209.9727,128.7998,0,128.7998,128.7998,0,128.7998,11.514,0,11.514,11.514,0,11.514,154.0387,0,154.0387,154.0387,0,154.0387,55.3113826,0,55.3113826,55.3113826,0,55.3113826,78.01605334,0,78.01605334,78.01605334,0,78.01605334,81.88598778,0,81.88598778,81.88598778,0,81.88598778,57.10853695,0,57.10853695,57.10853695,0,57.10853695,46.03230991,0,46.03230991,46.03230991,0,46.03230991,62.28510529,0,62.28510529,62.28510529,0,62.28510529,69.82039694,0,69.82039694,69.82039694,0,69.82039694,46.57158498,0,46.57158498,46.57158498,0,46.57158498,37.79095028,0,37.79095028,37.79095028,0,37.79095028,46.92097014,0,46.92097014,46.92097014,0,46.92097014,56.13361989,0,56.13361989,56.13361989,0,56.13361989,38.184703,0,38.184703,38.184703,0,38.184703,30.64242141,0,30.64242141,30.64242141,0,30.64242141,36.12908128,0,36.12908128,36.12908128,0,36.12908128,43.45421587,0,43.45421587,43.45421587,0,43.45421587,31.19328543,0,31.19328543,31.19328543,0,31.19328543,24.99191921,0,24.99191921,24.99191921,0,24.99191921,28.65035004,0,28.65035004,28.65035004,0,28.65035004,32.53248084,0,32.53248084,32.53248084,0,32.53248084,25.2676516,0,25.2676516,25.2676516,0,25.2676516,5.324445765,0,5.324445765,5.324445765,0,5.324445765,1.991717239,0,1.991717239,1.991717239,0,1.991717239,4.231699276,0,4.231699276,4.231699276,0,4.231699276,5.730251486,0,5.730251486,5.730251486,0,5.730251486,2.157314763,0,2.157314763,2.157314763,0,2.157314763,3.271536043,0,3.271536043,3.271536043,0,3.271536043,3.628800154,0,3.628800154,3.628800154,0,3.628800154,1.993697204,0,1.993697204,1.993697204,0,1.993697204,5.331769822,0,5.331769822,5.331769822,0,5.331769822,5.467955067,0,5.467955067,5.467955067,0,5.467955067,0.751729483,0,0.751729483,0.751729483,0,0.751729483,16.42599238,4.4528,-0.7598,-3.693,-1.1789,-2.8531,0.5063,7.322268904,10.47770998,5.848404112,0,5.848404112,5.848404112,0,5.848404112,1.991717239,0,1.991717239,1.991717239,0,1.991717239,5.786636928,0,5.786636928,5.786636928,0,5.786636928,6.913065806,0,6.913065806,6.913065806,0,6.913065806,2.157314763,0,2.157314763,2.157314763,0,2.157314763,3.277764581,0,3.277764581,3.277764581,0,3.277764581,3.628800154,0,3.628800154,3.628800154,0,3.628800154,1.993697204,0,1.993697204,1.993697204,0,1.993697204,6.229035028,0,6.229035028,6.229035028,0,6.229035028
oxoammo52,0.909589282,0.98,1.001243646,0.747524201,69,70,57,-0.0092566,0.29666519,-0.28245,0,-0.28245,-0.28245,0,-0.28245,0.01137,0,0.01137,0.01137,0,0.01137,-0.13554,0,-0.13554,-0.13554,0,-0.13554,0.29382,0,0.29382,0.29382,0,0.29382,0.03126,0,0.03126,0.03126,0,0.03126,146.463,0,146.463,146.463,0,146.463,82.9964,0,82.9964,82.9964,0,82.9964,3.4433,0,3.4433,3.4433,0,3.4433,1955.939,0,1955.939,1955.939,0,1955.939,376.3627473,0,376.3627473,376.3627473,0,376.3627473,574.4759308,0,574.4759308,574.4759308,0,574.4759308,0.88795724,0,0.88795724,0.88795724,0,0.88795724,-0.83454,0,-0.83454,-0.83454,0,-0.83454,-0.06624,0,-0.06624,-0.06624,0,-0.06624,-0.03495,0,-0.03495,-0.03495,0,-0.03495,-0.5974,0,-0.5974,-0.5974,0,-0.5974,210.9301,0,210.9301,210.9301,0,210.9301,133.5304,0,133.5304,133.5304,0,133.5304,20.8677,0,20.8677,20.8677,0,20.8677,162.9098,0,162.9098,162.9098,0,162.9098,59.70835816,0,59.70835816,59.70835816,0,59.70835816,83.12071663,0,83.12071663,83.12071663,0,83.12071663,85.18046037,0,85.18046037,85.18046037,0,85.18046037,60.45329261,0,60.45329261,60.45329261,0,60.45329261,51.32198099,0,51.32198099,51.32198099,0,51.32198099,69.47738073,0,69.47738073,69.47738073,0,69.47738073,77.66958628,0,77.66958628,77.66958628,0,77.66958628,50.86074357,0,50.86074357,50.86074357,0,50.86074357,43.96918255,0,43.96918255,43.96918255,0,43.96918255,55.21344113,0,55.21344113,55.21344113,0,55.21344113,67.00623797,0,67.00623797,67.00623797,0,67.00623797,43.23404817,0,43.23404817,43.23404817,0,43.23404817,36.82078196,0,36.82078196,36.82078196,0,36.82078196,44.49135985,0,44.49135985,44.49135985,0,44.49135985,53.97001997,0,53.97001997,53.97001997,0,53.97001997,36.62133119,0,36.62133119,36.62133119,0,36.62133119,30.65182429,0,30.65182429,30.65182429,0,30.65182429,35.87852007,0,35.87852007,35.87852007,0,35.87852007,41.45249283,0,41.45249283,41.45249283,0,41.45249283,30.95495254,0,30.95495254,30.95495254,0,30.95495254,5.246363042,0,5.246363042,5.246363042,0,5.246363042,2.007478801,0,2.007478801,2.007478801,0,2.007478801,4.548758824,0,4.548758824,4.548758824,0,4.548758824,5.774843137,0,5.774843137,5.774843137,0,5.774843137,2.676361793,0,2.676361793,2.676361793,0,2.676361793,4.280934456,0,4.280934456,4.280934456,0,4.280934456,3.630128695,0,3.630128695,3.630128695,0,3.630128695,2.053589571,0,2.053589571,2.053589571,0,2.053589571,5.37848442,0,5.37848442,5.37848442,0,5.37848442,5.535656221,0,5.535656221,5.535656221,0,5.535656221,0.759589506,0,0.759589506,0.759589506,0,0.759589506,18.28381974,1.7566,1.12,-2.8766,-3.1263,2.339,-0.5581,6.612652094,10.59524405,6.183459453,0,6.183459453,6.183459453,0,6.183459453,2.091609507,0,2.091609507,2.091609507,0,2.091609507,5.82240791,0,5.82240791,5.82240791,0,5.82240791,6.420935388,0,6.420935388,6.420935388,0,6.420935388,2.676361793,0,2.676361793,2.676361793,0,2.676361793,4.495298194,0,4.495298194,4.495298194,0,4.495298194,3.630128695,0,3.630128695,3.630128695,0,3.630128695,2.053589571,0,2.053589571,2.053589571,0,2.053589571,5.747164676,0,5.747164676,5.747164676,0,5.747164676
oxoammo53,1.372367014,1.41,1.371628389,1.335472652,84,83,82,0.14914754,0.382017043,-0.27829,0,-0.27829,-0.27829,0,-0.27829,0.02225,0,0.02225,0.02225,0,0.02225,-0.12802,0,-0.12802,-0.12802,0,-0.12802,0.30054,0,0.30054,0.30054,0,0.30054,0.02727,0,0.02727,0.02727,0,0.02727,233.831,0,233.831,233.831,0,233.831,119.891,0,119.891,119.891,0,119.891,1.8054,0,1.8054,1.8054,0,1.8054,2447.803,0,2447.803,2447.803,0,2447.803,527.4523374,0,527.4523374,527.4523374,0,527.4523374,855.1976768,0,855.1976768,855.1976768,0,855.1976768,0.826060606,0,0.826060606,0.826060606,0,0.826060606,-0.83436,0,-0.83436,-0.83436,0,-0.83436,-0.06571,0,-0.06571,-0.06571,0,-0.06571,-0.03533,0,-0.03533,-0.03533,0,-0.03533,-0.59708,0,-0.59708,-0.59708,0,-0.59708,210.0798,0,210.0798,210.0798,0,210.0798,133.0506,0,133.0506,133.0506,0,133.0506,21.4067,0,21.4067,21.4067,0,21.4067,162.7058,0,162.7058,162.7058,0,162.7058,59.66552443,0,59.66552443,59.66552443,0,59.66552443,83.15703218,0,83.15703218,83.15703218,0,83.15703218,85.22236293,0,85.22236293,85.22236293,0,85.22236293,60.43280691,0,60.43280691,60.43280691,0,60.43280691,51.29460958,0,51.29460958,51.29460958,0,51.29460958,69.53037644,0,69.53037644,69.53037644,0,69.53037644,78.13431793,0,78.13431793,78.13431793,0,78.13431793,50.86132594,0,50.86132594,50.86132594,0,50.86132594,43.95638073,0,43.95638073,43.95638073,0,43.95638073,55.24757929,0,55.24757929,55.24757929,0,55.24757929,69.00370865,0,69.00370865,69.00370865,0,69.00370865,43.22551362,0,43.22551362,43.22551362,0,43.22551362,36.79961575,0,36.79961575,36.79961575,0,36.79961575,44.54671761,0,44.54671761,44.54671761,0,44.54671761,57.54765109,0,57.54765109,57.54765109,0,57.54765109,36.62323072,0,36.62323072,36.62323072,0,36.62323072,30.75175018,0,30.75175018,30.75175018,0,30.75175018,36.43412381,0,36.43412381,36.43412381,0,36.43412381,45.97556841,0,45.97556841,45.97556841,0,45.97556841,31.25689824,0,31.25689824,31.25689824,0,31.25689824,5.248470364,0,5.248470364,5.248470364,0,5.248470364,2.008291282,0,2.008291282,2.008291282,0,2.008291282,4.549886681,0,4.549886681,4.549886681,0,4.549886681,5.775775506,0,5.775775506,5.775775506,0,5.775775506,2.673530559,0,2.673530559,2.673530559,0,2.673530559,4.279809649,0,4.279809649,4.279809649,0,4.279809649,3.6300848,0,3.6300848,3.6300848,0,3.6300848,2.060019428,0,2.060019428,2.060019428,0,2.060019428,5.3756003,0,5.3756003,5.3756003,0,5.3756003,5.533021558,0,5.533021558,5.533021558,0,5.533021558,0.759305754,0,0.759305754,0.759305754,0,0.759305754,18.98610244,8.48,-2.5861,-5.8939,0.9972,-5.6425,-1.6544,13.5821529,19.5811153,6.183864182,0,6.183864182,6.183864182,0,6.183864182,2.091670776,0,2.091670776,2.091670776,0,2.091670776,5.817034804,0,5.817034804,5.817034804,0,5.817034804,7.946061271,0,7.946061271,7.946061271,0,7.946061271,2.673530559,0,2.673530559,2.673530559,0,2.673530559,4.494090752,0,4.494090752,4.494090752,0,4.494090752,3.6300848,0,3.6300848,3.6300848,0,3.6300848,2.060019428,0,2.060019428,2.060019428,0,2.060019428,7.176905436,0,7.176905436,7.176905436,0,7.176905436
oxoammo54,1.509701738,1.54,1.450149033,1.538956182,87,85,87,0.18722625,0.404833717,-0.28763,0,-0.28763,-0.28763,0,-0.28763,-0.02993,0,-0.02993,-0.02993,0,-0.02993,-0.15878,0,-0.15878,-0.15878,0,-0.15878,0.2577,0,0.2577,0.2577,0,0.2577,0.04892,0,0.04892,0.04892,0,0.04892,227.04,0,227.04,227.04,0,227.04,142.683,0,142.683,142.683,0,142.683,5.1999,0,5.1999,5.1999,0,5.1999,2659.798,0,2659.798,2659.798,0,2659.798,563.4275615,0,563.4275615,563.4275615,0,563.4275615,908.2262015,0,908.2262015,908.2262015,0,908.2262015,0.804962016,0,0.804962016,0.804962016,0,0.804962016,-0.83426,0,-0.83426,-0.83426,0,-0.83426,-0.06816,0,-0.06816,-0.06816,0,-0.06816,-0.59713,0,-0.59713,-0.59713,0,-0.59713,-0.0198,0,-0.0198,-0.0198,0,-0.0198,210.9268,0,210.9268,210.9268,0,210.9268,133.2262,0,133.2262,133.2262,0,133.2262,162.899,0,162.899,162.899,0,162.899,17.1425,0,17.1425,17.1425,0,17.1425,59.73163737,0,59.73163737,59.73163737,0,59.73163737,83.13375298,0,83.13375298,83.13375298,0,83.13375298,60.47843415,0,60.47843415,60.47843415,0,60.47843415,85.23074344,0,85.23074344,85.23074344,0,85.23074344,51.32489284,0,51.32489284,51.32489284,0,51.32489284,69.52222326,0,69.52222326,69.52222326,0,69.52222326,50.89743291,0,50.89743291,50.89743291,0,50.89743291,77.68181606,0,77.68181606,77.68181606,0,77.68181606,43.95444107,0,43.95444107,43.95444107,0,43.95444107,55.25184656,0,55.25184656,55.25184656,0,55.25184656,43.26469493,0,43.26469493,43.26469493,0,43.26469493,67.04968655,0,67.04968655,67.04968655,0,67.04968655,36.80232937,0,36.80232937,36.80232937,0,36.80232937,44.49515891,0,44.49515891,44.49515891,0,44.49515891,36.66040726,0,36.66040726,36.66040726,0,36.66040726,54.34368487,0,54.34368487,54.34368487,0,54.34368487,30.64591151,0,30.64591151,30.64591151,0,30.64591151,35.87832298,0,35.87832298,35.87832298,0,35.87832298,30.97899782,0,30.97899782,30.97899782,0,30.97899782,42.3273864,0,42.3273864,42.3273864,0,42.3273864,5.255885227,0,5.255885227,5.255885227,0,5.255885227,2.007442414,0,2.007442414,2.007442414,0,2.007442414,4.547138319,0,4.547138319,4.547138319,0,4.547138319,3.63035039,0,3.63035039,3.63035039,0,3.63035039,2.046154313,0,2.046154313,2.046154313,0,2.046154313,5.3745349,0,5.3745349,5.3745349,0,5.3745349,5.774364001,0,5.774364001,5.774364001,0,5.774364001,2.673721833,0,2.673721833,2.673721833,0,2.673721833,4.279875799,0,4.279875799,4.279875799,0,4.279875799,5.524108652,0,5.524108652,5.524108652,0,5.524108652,0.758320168,0,0.758320168,0.758320168,0,0.758320168,18.66032271,10.0408,-7.6184,-2.4223,3.3823,-5.7642,-2.5326,16.33662315,23.5280245,6.196502278,0,6.196502278,6.196502278,0,6.196502278,2.089274708,0,2.089274708,2.089274708,0,2.089274708,5.809537912,0,5.809537912,5.809537912,0,5.809537912,3.63035039,0,3.63035039,3.63035039,0,3.63035039,2.046154313,0,2.046154313,2.046154313,0,2.046154313,7.174086178,0,7.174086178,7.174086178,0,7.174086178,7.934262427,0,7.934262427,7.934262427,0,7.934262427,2.673721833,0,2.673721833,2.673721833,0,2.673721833,4.495472319,0,4.495472319,4.495472319,0,4.495472319
oxoammo55,1.606586788,1.59,1.588236811,1.641523553,88,88,89,0.20091526,0.413299764,-0.26986,0,-0.26986,-0.26986,0,-0.26986,-0.01114,0,-0.01114,-0.01114,0,-0.01114,-0.1405,0,-0.1405,-0.1405,0,-0.1405,0.25872,0,0.25872,0.25872,0,0.25872,0.03815,0,0.03815,0.03815,0,0.03815,217.097,0,217.097,217.097,0,217.097,167.207,0,167.207,167.207,0,167.207,3.5902,0,3.5902,3.5902,0,3.5902,2433.384,0,2433.384,2433.384,0,2433.384,482.8024879,0,482.8024879,482.8024879,0,482.8024879,763.4766839,0,763.4766839,763.4766839,0,763.4766839,0.836716778,0,0.836716778,0.836716778,0,0.836716778,-0.83432,0,-0.83432,-0.83432,0,-0.83432,-0.06675,0,-0.06675,-0.06675,0,-0.06675,-0.59714,0,-0.59714,-0.59714,0,-0.59714,-0.02813,0,-0.02813,-0.02813,0,-0.02813,210.6176,0,210.6176,210.6176,0,210.6176,133.355,0,133.355,133.355,0,133.355,162.768,0,162.768,162.768,0,162.768,19.6639,0,19.6639,19.6639,0,19.6639,59.67576728,0,59.67576728,59.67576728,0,59.67576728,83.12909714,0,83.12909714,83.12909714,0,83.12909714,60.46726013,0,60.46726013,60.46726013,0,60.46726013,85.21770709,0,85.21770709,85.21770709,0,85.21770709,51.30916884,0,51.30916884,51.30916884,0,51.30916884,69.50824637,0,69.50824637,69.50824637,0,69.50824637,50.86831439,0,50.86831439,50.86831439,0,50.86831439,77.67890421,0,77.67890421,77.67890421,0,77.67890421,43.93504438,0,43.93504438,43.93504438,0,43.93504438,55.22585501,0,55.22585501,55.22585501,0,55.22585501,43.24180684,0,43.24180684,43.24180684,0,43.24180684,67.04658308,0,67.04658308,67.04658308,0,67.04658308,36.7901181,0,36.7901181,36.7901181,0,36.7901181,44.49787253,0,44.49787253,44.49787253,0,44.49787253,36.63299974,0,36.63299974,36.63299974,0,36.63299974,54.34232807,0,54.34232807,54.34232807,0,54.34232807,30.63743654,0,30.63743654,30.63743654,0,30.63743654,35.87457822,0,35.87457822,35.87457822,0,35.87457822,30.96145659,0,30.96145659,30.96145659,0,30.96145659,42.3271893,0,42.3271893,42.3271893,0,42.3271893,5.247681033,0,5.247681033,5.247681033,0,5.247681033,2.008247683,0,2.008247683,2.008247683,0,2.008247683,4.548927923,0,4.548927923,4.548927923,0,4.548927923,3.630184009,0,3.630184009,3.630184009,0,3.630184009,2.055608749,0,2.055608749,2.055608749,0,2.055608749,5.376589949,0,5.376589949,5.376589949,0,5.376589949,5.775242347,0,5.775242347,5.775242347,0,5.775242347,2.671735035,0,2.671735035,2.671735035,0,2.671735035,4.279281922,0,4.279281922,4.279281922,0,4.279281922,5.530472533,0,5.530472533,5.530472533,0,5.530472533,0.759027949,0,0.759027949,0.759027949,0,0.759027949,19.06902275,-0.9048,3.7231,-2.8183,-4.7439,2.0856,-3.774,10.23805317,16.7486946,6.192110811,0,6.192110811,6.192110811,0,6.192110811,2.092011457,0,2.092011457,2.092011457,0,2.092011457,5.811168133,0,5.811168133,5.811168133,0,5.811168133,3.630184009,0,3.630184009,3.630184009,0,3.630184009,2.055608749,0,2.055608749,2.055608749,0,2.055608749,7.172675368,0,7.172675368,7.172675368,0,7.172675368,7.939209765,0,7.939209765,7.939209765,0,7.939209765,2.671735035,0,2.671735035,2.671735035,0,2.671735035,4.494084271,0,4.494084271,4.494084271,0,4.494084271
oxoammo56,1.577236288,1.7,1.268278455,1.76343041,90,80,91,0.23034273,0.431363764,-0.27622,0,-0.27622,-0.27622,0,-0.27622,0.02621,0,0.02621,0.02621,0,0.02621,-0.125005,0,-0.125005,-0.125005,0,-0.125005,0.30243,0,0.30243,0.30243,0,0.30243,0.02583,0,0.02583,0.02583,0,0.02583,150.518,0,150.518,150.518,0,150.518,69.1702,0,69.1702,69.1702,0,69.1702,1.4103,0,1.4103,1.4103,0,1.4103,1402.288,0,1402.288,1402.288,0,1402.288,400.5415102,0,400.5415102,400.5415102,0,400.5415102,616.2420563,0,616.2420563,616.2420563,0,616.2420563,0.874320812,0,0.874320812,0.874320812,0,0.874320812,-0.83458,0,-0.83458,-0.83458,0,-0.83458,-0.06497,0,-0.06497,-0.06497,0,-0.06497,-0.04123,0,-0.04123,-0.04123,0,-0.04123,-0.5972,0,-0.5972,-0.5972,0,-0.5972,210.1962,0,210.1962,210.1962,0,210.1962,133.1667,0,133.1667,133.1667,0,133.1667,22.7893,0,22.7893,22.7893,0,22.7893,162.8287,0,162.8287,162.8287,0,162.8287,59.66552443,0,59.66552443,59.66552443,0,59.66552443,83.14678933,0,83.14678933,83.14678933,0,83.14678933,85.21305125,0,85.21305125,85.21305125,0,85.21305125,60.43653159,0,60.43653159,60.43653159,0,60.43653159,51.2922801,0,51.2922801,51.2922801,0,51.2922801,69.50533451,0,69.50533451,69.50533451,0,69.50533451,77.64687384,0,77.64687384,77.64687384,0,77.64687384,50.85084327,0,50.85084327,50.85084327,0,50.85084327,43.92806157,0,43.92806157,43.92806157,0,43.92806157,55.22973434,0,55.22973434,55.22973434,0,55.22973434,67.14201477,0,67.14201477,67.14201477,0,67.14201477,43.21930668,0,43.21930668,43.21930668,0,43.21930668,36.77519321,0,36.77519321,36.77519321,0,36.77519321,44.50845563,0,44.50845563,44.50845563,0,44.50845563,54.52441169,0,54.52441169,54.52441169,0,54.52441169,36.622688,0,36.622688,36.622688,0,36.622688,30.61693892,0,30.61693892,30.61693892,0,30.61693892,35.8726073,0,35.8726073,35.8726073,0,35.8726073,42.41745766,0,42.41745766,42.41745766,0,42.41745766,30.95179906,0,30.95179906,30.95179906,0,30.95179906,5.251220108,0,5.251220108,5.251220108,0,5.251220108,2.008333204,0,2.008333204,2.008333204,0,2.008333204,4.550262256,0,4.550262256,4.550262256,0,4.550262256,5.77605739,0,5.77605739,5.77605739,0,5.77605739,2.669651551,0,2.669651551,2.669651551,0,2.669651551,4.278944629,0,4.278944629,4.278944629,0,4.278944629,3.630085841,0,3.630085841,3.630085841,0,3.630085841,2.063217889,0,2.063217889,2.063217889,0,2.063217889,5.374741389,0,5.374741389,5.374741389,0,5.374741389,5.53601802,0,5.53601802,5.53601802,0,5.53601802,0.759621525,0,0.759621525,0.759621525,0,0.759621525,17.42051149,4.438,-1.2621,-3.1759,2.7434,3.1324,0.7236,8.191374841,12.41906774,6.190376407,0,6.190376407,6.190376407,0,6.190376407,2.093559551,0,2.093559551,2.093559551,0,2.093559551,5.812917474,0,5.812917474,5.812917474,0,5.812917474,6.456233186,0,6.456233186,6.456233186,0,6.456233186,2.669651551,0,2.669651551,2.669651551,0,2.669651551,4.493715319,0,4.493715319,4.493715319,0,4.493715319,3.630085841,0,3.630085841,3.630085841,0,3.630085841,2.063217889,0,2.063217889,2.063217889,0,2.063217889,5.781828722,0,5.781828722,5.781828722,0,5.781828722
oxoammo57,1.548317988,1.24,1.76343041,1.641523553,79,91,89,0.09233465,0.350248018,-0.29012,0,-0.29012,-0.29012,0,-0.29012,0.01253,0,0.01253,0.01253,0,0.01253,-0.138795,0,-0.138795,-0.138795,0,-0.138795,0.30265,0,0.30265,0.30265,0,0.30265,0.03183,0,0.03183,0.03183,0,0.03183,149.432,0,149.432,149.432,0,149.432,68.5381,0,68.5381,68.5381,0,68.5381,3.6111,0,3.6111,3.6111,0,3.6111,1969.415,0,1969.415,1969.415,0,1969.415,422.7490422,0,422.7490422,422.7490422,0,422.7490422,659.6651241,0,659.6651241,659.6651241,0,659.6651241,0.866863083,0,0.866863083,0.866863083,0,0.866863083,-0.83428,0,-0.83428,-0.83428,0,-0.83428,-0.06709,0,-0.06709,-0.06709,0,-0.06709,-0.59729,0,-0.59729,-0.59729,0,-0.59729,-0.02612,0,-0.02612,-0.02612,0,-0.02612,210.716,0,210.716,210.716,0,210.716,133.2264,0,133.2264,133.2264,0,133.2264,162.8198,0,162.8198,162.8198,0,162.8198,19.0438,0,19.0438,19.0438,0,19.0438,59.68880364,0,59.68880364,59.68880364,0,59.68880364,83.11512962,0,83.11512962,83.11512962,0,83.11512962,60.4914705,0,60.4914705,60.4914705,0,60.4914705,85.22515644,0,85.22515644,85.22515644,0,85.22515644,51.32547521,0,51.32547521,51.32547521,0,51.32547521,69.4878634,0,69.4878634,69.4878634,0,69.4878634,50.90500373,0,50.90500373,50.90500373,0,50.90500373,77.67482762,0,77.67482762,77.67482762,0,77.67482762,43.96957048,0,43.96957048,43.96957048,0,43.96957048,55.20762212,0,55.20762212,55.20762212,0,55.20762212,43.26042766,0,43.26042766,43.26042766,0,43.26042766,67.37089566,0,67.37089566,67.37089566,0,67.37089566,36.80450026,0,36.80450026,36.80450026,0,36.80450026,44.49434482,0,44.49434482,44.49434482,0,44.49434482,36.64222603,0,36.64222603,36.64222603,0,36.64222603,55.04434048,0,55.04434048,55.04434048,0,55.04434048,30.64275803,0,30.64275803,30.64275803,0,30.64275803,35.90650721,0,35.90650721,35.90650721,0,35.90650721,30.97012866,0,30.97012866,30.97012866,0,30.97012866,43.14118129,0,43.14118129,43.14118129,0,43.14118129,5.250099663,0,5.250099663,5.250099663,0,5.250099663,2.007671376,0,2.007671376,2.007671376,0,2.007671376,4.548619436,0,4.548619436,4.548619436,0,4.548619436,3.630112817,0,3.630112817,3.630112817,0,3.630112817,2.053006355,0,2.053006355,2.053006355,0,2.053006355,5.374444823,0,5.374444823,5.374444823,0,5.374444823,5.773777932,0,5.773777932,5.773777932,0,5.773777932,2.672973248,0,2.672973248,2.672973248,0,2.672973248,4.280143508,0,4.280143508,4.280143508,0,4.280143508,5.529703653,0,5.529703653,5.529703653,0,5.529703653,0.758948877,0,0.758948877,0.758948877,0,0.758948877,17.40985793,0.7717,0.7563,-1.5281,-3.7856,-4.383,0.0828,8.402334473,14.37163086,6.193357914,0,6.193357914,6.193357914,0,6.193357914,2.091370762,0,2.091370762,2.091370762,0,2.091370762,5.812815163,0,5.812815163,5.812815163,0,5.812815163,3.630112817,0,3.630112817,3.630112817,0,3.630112817,2.053006355,0,2.053006355,2.053006355,0,2.053006355,5.769535176,0,5.769535176,5.769535176,0,5.769535176,6.445611801,0,6.445611801,6.445611801,0,6.445611801,2.672973248,0,2.672973248,2.672973248,0,2.672973248,4.494733303,0,4.494733303,4.494733303,0,4.494733303
oxoammo58,1.648317988,1.54,1.641523553,1.76343041,87,89,91,0.18722625,0.404833717,-0.27864,0,-0.27864,-0.27864,0,-0.27864,0.02269,0,0.02269,0.02269,0,0.02269,-0.127975,0,-0.127975,-0.127975,0,-0.127975,0.30133,0,0.30133,0.30133,0,0.30133,0.02718,0,0.02718,0.02718,0,0.02718,167.345,0,167.345,167.345,0,167.345,81.0699,0,81.0699,81.0699,0,81.0699,1.8044,0,1.8044,1.8044,0,1.8044,2335.936,0,2335.936,2335.936,0,2335.936,445.5707752,0,445.5707752,445.5707752,0,445.5707752,693.0895833,0,693.0895833,693.0895833,0,693.0895833,0.850015818,0,0.850015818,0.850015818,0,0.850015818,-0.83464,0,-0.83464,-0.83464,0,-0.83464,-0.0655,0,-0.0655,-0.0655,0,-0.0655,-0.59716,0,-0.59716,-0.59716,0,-0.59716,-0.03808,0,-0.03808,-0.03808,0,-0.03808,210.203,0,210.203,210.203,0,210.203,133.4199,0,133.4199,133.4199,0,133.4199,162.6586,0,162.6586,162.6586,0,162.6586,21.9892,0,21.9892,21.9892,0,21.9892,59.67576728,0,59.67576728,59.67576728,0,59.67576728,83.13747765,0,83.13747765,83.13747765,0,83.13747765,60.42815107,0,60.42815107,60.42815107,0,60.42815107,85.24005513,0,85.24005513,85.24005513,0,85.24005513,51.31965151,0,51.31965151,51.31965151,0,51.31965151,69.51639955,0,69.51639955,69.51639955,0,69.51639955,50.83395453,0,50.83395453,50.83395453,0,50.83395453,77.67540999,0,77.67540999,77.67540999,0,77.67540999,43.96840668,0,43.96840668,43.96840668,0,43.96840668,55.24253616,0,55.24253616,55.24253616,0,55.24253616,43.21077214,0,43.21077214,43.21077214,0,43.21077214,67.19167029,0,67.19167029,67.19167029,0,67.19167029,36.81101294,0,36.81101294,36.81101294,0,36.81101294,44.49651572,0,44.49651572,44.49651572,0,44.49651572,36.61943166,0,36.61943166,36.61943166,0,36.61943166,54.59442298,0,54.59442298,54.59442298,0,54.59442298,30.6437435,0,30.6437435,30.6437435,0,30.6437435,35.88088518,0,35.88088518,35.88088518,0,35.88088518,30.95061651,0,30.95061651,30.95061651,0,30.95061651,42.48545457,0,42.48545457,42.48545457,0,42.48545457,5.246570807,0,5.246570807,5.246570807,0,5.246570807,2.00831124,0,2.00831124,2.00831124,0,2.00831124,4.549457189,0,4.549457189,4.549457189,0,4.549457189,3.630097413,0,3.630097413,3.630097413,0,3.630097413,2.060440173,0,2.060440173,2.060440173,0,2.060440173,5.372928107,0,5.372928107,5.372928107,0,5.372928107,5.775552659,0,5.775552659,5.775552659,0,5.775552659,2.675282713,0,2.675282713,2.675282713,0,2.675282713,4.279128211,0,4.279128211,4.279128211,0,4.279128211,5.534892498,0,5.534892498,5.534892498,0,5.534892498,0.759510762,0,0.759510762,0.759510762,0,0.759510762,17.48637229,4.3681,-0.8582,-3.5099,-9.4641,-0.8053,-0.5092,14.59760823,24.31185294,6.180541919,0,6.180541919,6.180541919,0,6.180541919,2.091967075,0,2.091967075,2.091967075,0,2.091967075,5.813103682,0,5.813103682,5.813103682,0,5.813103682,3.630097413,0,3.630097413,3.630097413,0,3.630097413,2.060440173,0,2.060440173,2.060440173,0,2.060440173,5.775187977,0,5.775187977,5.775187977,0,5.775187977,6.455613815,0,6.455613815,6.455613815,0,6.455613815,2.675282713,0,2.675282713,2.675282713,0,2.675282713,4.493854551,0,4.493854551,4.493854551,0,4.493854551
oxoammo59,1.664984654,1.59,1.641523553,1.76343041,88,89,91,0.20091526,0.413299764,-0.27804,0,-0.27804,-0.27804,0,-0.27804,0.02026,0,0.02026,0.02026,0,0.02026,-0.12889,0,-0.12889,-0.12889,0,-0.12889,0.2983,0,0.2983,0.2983,0,0.2983,0.02785,0,0.02785,0.02785,0,0.02785,184.304,0,184.304,184.304,0,184.304,77.9982,0,77.9982,77.9982,0,77.9982,2.1509,0,2.1509,2.1509,0,2.1509,2338.159,0,2338.159,2338.159,0,2338.159,455.2804357,0,455.2804357,455.2804357,0,455.2804357,728.9304109,0,728.9304109,728.9304109,0,728.9304109,0.860324946,0,0.860324946,0.860324946,0,0.860324946,-0.83452,0,-0.83452,-0.83452,0,-0.83452,-0.06525,0,-0.06525,-0.06525,0,-0.06525,-0.03728,0,-0.03728,-0.03728,0,-0.03728,-0.5971,0,-0.5971,-0.5971,0,-0.5971,210.4606,0,210.4606,210.4606,0,210.4606,133.3004,0,133.3004,133.3004,0,133.3004,22.6347,0,22.6347,22.6347,0,22.6347,162.7748,0,162.7748,162.7748,0,162.7748,59.62641538,0,59.62641538,59.62641538,0,59.62641538,83.10674911,0,83.10674911,83.10674911,0,83.10674911,85.20746424,0,85.20746424,85.20746424,0,85.20746424,60.44025626,0,60.44025626,60.44025626,0,60.44025626,51.2823798,0,51.2823798,51.2823798,0,51.2823798,69.48436918,0,69.48436918,69.48436918,0,69.48436918,77.67832184,0,77.67832184,77.67832184,0,77.67832184,50.87122624,0,50.87122624,50.87122624,0,50.87122624,43.90982869,0,43.90982869,43.90982869,0,43.90982869,55.20141518,0,55.20141518,55.20141518,0,55.20141518,67.48611197,0,67.48611197,67.48611197,0,67.48611197,43.21775495,0,43.21775495,43.21775495,0,43.21775495,36.75402701,0,36.75402701,36.75402701,0,36.75402701,44.47779177,0,44.47779177,44.47779177,0,44.47779177,55.42207581,0,55.42207581,55.42207581,0,55.42207581,36.60559222,0,36.60559222,36.60559222,0,36.60559222,30.62186623,0,30.62186623,30.62186623,0,30.62186623,35.93134086,0,35.93134086,35.93134086,0,35.93134086,43.99892782,0,43.99892782,43.99892782,0,43.99892782,30.93938223,0,30.93938223,30.93938223,0,30.93938223,5.249578466,0,5.249578466,5.249578466,0,5.249578466,2.00860741,0,2.00860741,2.00860741,0,2.00860741,4.552116196,0,4.552116196,4.552116196,0,4.552116196,5.775964661,0,5.775964661,5.775964661,0,5.775964661,2.667111175,0,2.667111175,2.667111175,0,2.667111175,4.278744454,0,4.278744454,4.278744454,0,4.278744454,3.630127542,0,3.630127542,3.630127542,0,3.630127542,2.056490998,0,2.056490998,2.056490998,0,2.056490998,5.36917813,0,5.36917813,5.36917813,0,5.36917813,5.537312383,0,5.537312383,5.537312383,0,5.537312383,0.75977096,0,0.75977096,0.75977096,0,0.75977096,18.13796033,-2.795,3.4217,-0.6268,-4.8337,8.7618,0.025,14.83852331,25.11326185,6.202926598,0,6.202926598,6.202926598,0,6.202926598,2.089875249,0,2.089875249,2.089875249,0,2.089875249,5.805444689,0,5.805444689,5.805444689,0,5.805444689,6.468416503,0,6.468416503,6.468416503,0,6.468416503,2.667111175,0,2.667111175,2.667111175,0,2.667111175,4.489300694,0,4.489300694,4.489300694,0,4.489300694,3.630127542,0,3.630127542,3.630127542,0,3.630127542,2.056490998,0,2.056490998,2.056490998,0,2.056490998,5.78427988,0,5.78427988,5.78427988,0,5.78427988
oxoammo6,0.003848251,0,0,0.011544753,0,0,1,,0,-0.30255,0,-0.30255,-0.30255,0,-0.30255,0.06199,0,0.06199,0.06199,0,0.06199,-0.12028,0,-0.12028,-0.12028,0,-0.12028,0.36454,0,0.36454,0.36454,0,0.36454,0.01984,0,0.01984,0.01984,0,0.01984,80.8455,0,80.8455,80.8455,0,80.8455,15.3189,0,15.3189,15.3189,0,15.3189,0.9846,0,0.9846,0.9846,0,0.9846,1038.689,0,1038.689,1038.689,0,1038.689,293.1998156,0,293.1998156,293.1998156,0,293.1998156,416.7028701,0,416.7028701,416.7028701,0,416.7028701,0.920177111,0,0.920177111,0.920177111,0,0.920177111,-0.84787,0,-0.84787,-0.84787,0,-0.84787,-0.06443,0,-0.06443,-0.06443,0,-0.06443,-0.40182,0,-0.40182,-0.40182,0,-0.40182,0.10157,0,0.10157,0.10157,0,0.10157,227.46,0,227.46,227.46,0,227.46,126.8764,0,126.8764,126.8764,0,126.8764,150.7952,0,150.7952,150.7952,0,150.7952,95.864,0,95.864,95.864,0,95.864,57.18396156,0,57.18396156,57.18396156,0,57.18396156,77.2534267,0,77.2534267,77.2534267,0,77.2534267,67.35138558,0,67.35138558,67.35138558,0,67.35138558,81.66530095,0,81.66530095,81.66530095,0,81.66530095,48.81895266,0,48.81895266,48.81895266,0,48.81895266,63.07072307,0,63.07072307,63.07072307,0,63.07072307,55.72703131,0,55.72703131,55.72703131,0,55.72703131,69.4325382,0,69.4325382,69.4325382,0,69.4325382,41.23774129,0,41.23774129,41.23774129,0,41.23774129,49.12288188,0,49.12288188,49.12288188,0,49.12288188,43.98625163,0,43.98625163,43.98625163,0,43.98625163,55.25417417,0,55.25417417,55.25417417,0,55.25417417,34.31095867,0,34.31095867,34.31095867,0,34.31095867,38.28667723,0,38.28667723,38.28667723,0,38.28667723,34.38748263,0,34.38748263,34.38748263,0,34.38748263,41.8491121,0,41.8491121,41.8491121,0,41.8491121,27.68932705,0,27.68932705,27.68932705,0,27.68932705,29.49843903,0,29.49843903,29.49843903,0,29.49843903,26.66030715,0,26.66030715,26.66030715,0,26.66030715,30.69242534,0,30.69242534,30.69242534,0,30.69242534,4.562370136,0,4.562370136,4.562370136,0,4.562370136,1.986388119,0,1.986388119,1.986388119,0,1.986388119,4.115329416,0,4.115329416,4.115329416,0,4.115329416,4.342388999,0,4.342388999,4.342388999,0,4.342388999,1.937272664,0,1.937272664,1.937272664,0,1.937272664,4.763869464,0,4.763869464,4.763869464,0,4.763869464,5.497902936,0,5.497902936,5.497902936,0,5.497902936,2.065370998,0,2.065370998,2.065370998,0,2.065370998,4.28958894,0,4.28958894,4.28958894,0,4.28958894,4.865269608,0,4.865269608,4.865269608,0,4.865269608,0.683755711,0,0.683755711,0.683755711,0,0.683755711,14.98529987,1.7192,1.1197,-2.8389,-2.728,-1.0275,-0.6701,5.492019525,8.490214395,4.562370136,0,4.562370136,4.562370136,0,4.562370136,1.986388119,0,1.986388119,1.986388119,0,1.986388119,5.514760535,0,5.514760535,5.514760535,0,5.514760535,4.342388999,0,4.342388999,4.342388999,0,4.342388999,1.937272664,0,1.937272664,1.937272664,0,1.937272664,4.902788496,0,4.902788496,4.902788496,0,4.902788496,5.497902936,0,5.497902936,5.497902936,0,5.497902936,2.065370998,0,2.065370998,2.065370998,0,2.065370998,4.28958894,0,4.28958894,4.28958894,0,4.28958894
oxoammo60,1.54703597,1.3,1.699584356,1.641523553,81,90,89,0.11430526,0.361727836,-0.27602,0,-0.27602,-0.27602,0,-0.27602,0.02398,0,0.02398,0.02398,0,0.02398,-0.12602,0,-0.12602,-0.12602,0,-0.12602,0.3,0,0.3,0.3,0,0.3,0.02647,0,0.02647,0.02647,0,0.02647,173.696,0,173.696,173.696,0,173.696,69.656,0,69.656,69.656,0,69.656,1.3701,0,1.3701,1.3701,0,1.3701,2137.86,0,2137.86,2137.86,0,2137.86,439.7514134,0,439.7514134,439.7514134,0,439.7514134,697.8475546,0,697.8475546,697.8475546,0,697.8475546,0.865201482,0,0.865201482,0.865201482,0,0.865201482,-0.83454,0,-0.83454,-0.83454,0,-0.83454,-0.06523,0,-0.06523,-0.06523,0,-0.06523,-0.59699,0,-0.59699,-0.59699,0,-0.59699,-0.03875,0,-0.03875,-0.03875,0,-0.03875,210.1693,0,210.1693,210.1693,0,210.1693,133.273,0,133.273,133.273,0,133.273,162.5354,0,162.5354,162.5354,0,162.5354,22.3536,0,22.3536,22.3536,0,22.3536,59.65528159,0,59.65528159,59.65528159,0,59.65528159,83.13561532,0,83.13561532,83.13561532,0,83.13561532,60.40487187,0,60.40487187,60.40487187,0,60.40487187,85.21491359,0,85.21491359,85.21491359,0,85.21491359,51.30276277,0,51.30276277,51.30276277,0,51.30276277,69.50591688,0,69.50591688,69.50591688,0,69.50591688,50.81648341,0,50.81648341,50.81648341,0,50.81648341,77.86584514,0,77.86584514,77.86584514,0,77.86584514,43.94978586,0,43.94978586,43.94978586,0,43.94978586,55.22973434,0,55.22973434,55.22973434,0,55.22973434,43.19098752,0,43.19098752,43.19098752,0,43.19098752,68.08508162,0,68.08508162,68.08508162,0,68.08508162,36.79608805,0,36.79608805,36.79608805,0,36.79608805,44.51089788,0,44.51089788,44.51089788,0,44.51089788,36.6064063,0,36.6064063,36.6064063,0,36.6064063,56.05407694,0,56.05407694,56.05407694,0,56.05407694,30.62837028,0,30.62837028,30.62837028,0,30.62837028,36.18657564,0,36.18657564,36.18657564,0,36.18657564,31.2578837,0,31.2578837,31.2578837,0,31.2578837,44.32905774,0,44.32905774,44.32905774,0,44.32905774,5.245400227,0,5.245400227,5.245400227,0,5.245400227,2.007950145,0,2.007950145,2.007950145,0,2.007950145,4.550467201,0,4.550467201,4.550467201,0,4.550467201,3.630072064,0,3.630072064,3.630072064,0,3.630072064,2.06232073,0,2.06232073,2.06232073,0,2.06232073,5.374906026,0,5.374906026,5.374906026,0,5.374906026,5.776317808,0,5.776317808,5.776317808,0,5.776317808,2.678061573,0,2.678061573,2.678061573,0,2.678061573,4.278962894,0,4.278962894,4.278962894,0,4.278962894,5.530768757,0,5.530768757,5.530768757,0,5.530768757,0.759060759,0,0.759060759,0.759060759,0,0.759060759,17.7125774,6.5106,-2.2176,-4.293,-3.7132,0.1705,0.0167,9.662811075,13.47243434,6.169924052,0,6.169924052,6.169924052,0,6.169924052,2.089681876,0,2.089681876,2.089681876,0,2.089681876,5.81248801,0,5.81248801,5.81248801,0,5.81248801,3.630072064,0,3.630072064,3.630072064,0,3.630072064,2.06232073,0,2.06232073,2.06232073,0,2.06232073,5.784108869,0,5.784108869,5.784108869,0,5.784108869,6.459675377,0,6.459675377,6.459675377,0,6.459675377,2.678061573,0,2.678061573,2.678061573,0,2.678061573,4.493280852,0,4.493280852,4.493280852,0,4.493280852
oxoammo61,1.452157874,1.18,1.588236811,1.588236811,77,88,88,0.07110986,0.338456494,-0.29192,0,-0.29192,-0.29192,0,-0.29192,0.0098,0,0.0098,0.0098,0,0.0098,-0.14106,0,-0.14106,-0.14106,0,-0.14106,0.30172,0,0.30172,0.30172,0,0.30172,0.03297,0,0.03297,0.03297,0,0.03297,165.018,0,165.018,165.018,0,165.018,91.2532,0,91.2532,91.2532,0,91.2532,5.8972,0,5.8972,5.8972,0,5.8972,2314.101,0,2314.101,2314.101,0,2314.101,437.2011792,0,437.2011792,437.2011792,0,437.2011792,675.3218518,0,675.3218518,675.3218518,0,675.3218518,0.851418995,0,0.851418995,0.851418995,0,0.851418995,-0.83452,0,-0.83452,-0.83452,0,-0.83452,-0.06652,0,-0.06652,-0.06652,0,-0.06652,-0.59717,0,-0.59717,-0.59717,0,-0.59717,-0.03201,0,-0.03201,-0.03201,0,-0.03201,210.7712,0,210.7712,210.7712,0,210.7712,133.3195,0,133.3195,133.3195,0,133.3195,162.7327,0,162.7327,162.7327,0,162.7327,20.1637,0,20.1637,20.1637,0,20.1637,59.74374255,0,59.74374255,59.74374255,0,59.74374255,83.12537247,0,83.12537247,83.12537247,0,83.12537247,60.44584327,0,60.44584327,60.44584327,0,60.44584327,85.2000149,0,85.2000149,85.2000149,0,85.2000149,51.3592527,0,51.3592527,51.3592527,0,51.3592527,69.50416977,0,69.50416977,69.50416977,0,69.50416977,50.85841409,0,50.85841409,50.85841409,0,50.85841409,77.63464406,0,77.63464406,77.63464406,0,77.63464406,43.98625163,0,43.98625163,43.98625163,0,43.98625163,55.23244988,0,55.23244988,55.23244988,0,55.23244988,43.20495314,0,43.20495314,43.20495314,0,43.20495314,67.17692881,0,67.17692881,67.17692881,0,67.17692881,36.83000825,0,36.83000825,36.83000825,0,36.83000825,44.49244529,0,44.49244529,44.49244529,0,44.49244529,36.61970302,0,36.61970302,36.61970302,0,36.61970302,54.57678447,0,54.57678447,54.57678447,0,54.57678447,30.66364984,0,30.66364984,30.66364984,0,30.66364984,35.87852007,0,35.87852007,35.87852007,0,35.87852007,30.955938,0,30.955938,30.955938,0,30.955938,42.45470815,0,42.45470815,42.45470815,0,42.45470815,5.247559871,0,5.247559871,5.247559871,0,5.247559871,2.008054242,0,2.008054242,2.008054242,0,2.008054242,4.548009975,0,4.548009975,4.548009975,0,4.548009975,3.630118055,0,3.630118055,3.630118055,0,3.630118055,2.053600852,0,2.053600852,2.053600852,0,2.053600852,5.374501508,0,5.374501508,5.374501508,0,5.374501508,5.775294877,0,5.775294877,5.775294877,0,5.775294877,2.677560921,0,2.677560921,2.677560921,0,2.677560921,4.279768297,0,4.279768297,4.279768297,0,4.279768297,5.529919745,0,5.529919745,5.529919745,0,5.529919745,0.758968667,0,0.758968667,0.758968667,0,0.758968667,17.81178128,-21.2327,11.9816,9.2511,-2.1382,0.3486,-0.09,26.25589803,32.37534302,6.182324995,0,6.182324995,6.182324995,0,6.182324995,2.089917001,0,2.089917001,2.089917001,0,2.089917001,5.813606071,0,5.813606071,5.813606071,0,5.813606071,3.630118055,0,3.630118055,3.630118055,0,3.630118055,2.053600852,0,2.053600852,2.053600852,0,2.053600852,5.77567201,0,5.77567201,5.77567201,0,5.77567201,6.451972491,0,6.451972491,6.451972491,0,6.451972491,2.677560921,0,2.677560921,2.677560921,0,2.677560921,4.49468209,0,4.49468209,4.49468209,0,4.49468209
oxoammo62,1.478723123,1.45,1.493084684,1.493084684,85,86,86,0.16141264,0.389166084,-0.27977,0,-0.27977,-0.27977,0,-0.27977,0.01932,0,0.01932,0.01932,0,0.01932,-0.130225,0,-0.130225,-0.130225,0,-0.130225,0.29909,0,0.29909,0.29909,0,0.29909,0.02835,0,0.02835,0.02835,0,0.02835,162.146,0,162.146,162.146,0,162.146,71.5852,0,71.5852,71.5852,0,71.5852,3.1975,0,3.1975,3.1975,0,3.1975,1765.365,0,1765.365,1765.365,0,1765.365,421.7104605,0,421.7104605,421.7104605,0,421.7104605,656.7170205,0,656.7170205,656.7170205,0,656.7170205,0.86640696,0,0.86640696,0.86640696,0,0.86640696,-0.83429,0,-0.83429,-0.83429,0,-0.83429,-0.06556,0,-0.06556,-0.06556,0,-0.06556,-0.03618,0,-0.03618,-0.03618,0,-0.03618,-0.5972,0,-0.5972,-0.5972,0,-0.5972,210.4033,0,210.4033,210.4033,0,210.4033,133.2798,0,133.2798,133.2798,0,133.2798,21.1111,0,21.1111,21.1111,0,21.1111,162.7253,0,162.7253,162.7253,0,162.7253,59.70183999,0,59.70183999,59.70183999,0,59.70183999,83.13840882,0,83.13840882,83.13840882,0,83.13840882,85.19722139,0,85.19722139,85.19722139,0,85.19722139,60.47005364,0,60.47005364,60.47005364,0,60.47005364,51.32256336,0,51.32256336,51.32256336,0,51.32256336,69.50999348,0,69.50999348,69.50999348,0,69.50999348,77.64337961,0,77.64337961,77.64337961,0,77.64337961,50.88054417,0,50.88054417,50.88054417,0,50.88054417,43.94823413,0,43.94823413,43.94823413,0,43.94823413,55.23943269,0,55.23943269,55.23943269,0,55.23943269,67.15132518,0,67.15132518,67.15132518,0,67.15132518,43.2344361,0,43.2344361,43.2344361,0,43.2344361,36.7971735,0,36.7971735,36.7971735,0,36.7971735,44.49977206,0,44.49977206,44.49977206,0,44.49977206,54.67474601,0,54.67474601,54.67474601,0,54.67474601,36.63354246,0,36.63354246,36.63354246,0,36.63354246,30.63408596,0,30.63408596,30.63408596,0,30.63408596,35.87674624,0,35.87674624,35.87674624,0,35.87674624,42.81243102,0,42.81243102,42.81243102,0,42.81243102,30.95455836,0,30.95455836,30.95455836,0,30.95455836,5.247337196,0,5.247337196,5.247337196,0,5.247337196,2.008381798,0,2.008381798,2.008381798,0,2.008381798,4.55077837,0,4.55077837,4.55077837,0,4.55077837,5.773946966,0,5.773946966,5.773946966,0,5.773946966,2.673966544,0,2.673966544,2.673966544,0,2.673966544,4.280964303,0,4.280964303,4.280964303,0,4.280964303,3.63010465,0,3.63010465,3.63010465,0,3.63010465,2.05822912,0,2.05822912,2.05822912,0,2.05822912,5.375021296,0,5.375021296,5.375021296,0,5.375021296,5.53232518,0,5.53232518,5.53232518,0,5.53232518,0.759224614,0,0.759224614,0.759224614,0,0.759224614,17.70530419,2.0945,-2.3452,0.2507,5.2517,1.9033,0.1797,8.510002087,14.22447858,6.183812866,0,6.183812866,6.183812866,0,6.183812866,2.091761674,0,2.091761674,2.091761674,0,2.091761674,5.816712196,0,5.816712196,5.816712196,0,5.816712196,6.451939822,0,6.451939822,6.451939822,0,6.451939822,2.673966544,0,2.673966544,2.673966544,0,2.673966544,4.492748568,0,4.492748568,4.492748568,0,4.492748568,3.63010465,0,3.63010465,3.63010465,0,3.63010465,2.05822912,0,2.05822912,2.05822912,0,2.05822912,5.77690966,0,5.77690966,5.77690966,0,5.77690966
oxoammo63,1.198364229,1.12,1.206814231,1.268278455,75,78,80,0.05046295,0.326335861,-0.27723,0,-0.27723,-0.27723,0,-0.27723,0.02672,0,0.02672,0.02672,0,0.02672,-0.125255,0,-0.125255,-0.125255,0,-0.125255,0.30395,0,0.30395,0.30395,0,0.30395,0.02581,0,0.02581,0.02581,0,0.02581,162.169,0,162.169,162.169,0,162.169,61.4027,0,61.4027,61.4027,0,61.4027,1.4147,0,1.4147,1.4147,0,1.4147,1934.416,0,1934.416,1934.416,0,1934.416,418.741522,0,418.741522,418.741522,0,418.741522,655.8450995,0,655.8450995,655.8450995,0,655.8450995,0.871777419,0,0.871777419,0.871777419,0,0.871777419,-0.83963,0,-0.83963,-0.83963,0,-0.83963,-0.06803,0,-0.06803,-0.06803,0,-0.06803,-0.59958,0,-0.59958,-0.59958,0,-0.59958,-0.04601,0,-0.04601,-0.04601,0,-0.04601,207.0393,0,207.0393,207.0393,0,207.0393,134.3892,0,134.3892,134.3892,0,134.3892,160.3471,0,160.3471,160.3471,0,160.3471,24.5112,0,24.5112,24.5112,0,24.5112,63.73379768,0,63.73379768,63.73379768,0,63.73379768,85.69446514,0,85.69446514,85.69446514,0,85.69446514,59.8852801,0,59.8852801,59.8852801,0,59.8852801,87.2551028,0,87.2551028,87.2551028,0,87.2551028,56.19234532,0,56.19234532,56.19234532,0,56.19234532,72.87900671,0,72.87900671,72.87900671,0,72.87900671,50.35466362,0,50.35466362,50.35466362,0,50.35466362,81.265724,0,81.265724,81.265724,0,81.265724,49.40917696,0,49.40917696,49.40917696,0,49.40917696,59.14708895,0,59.14708895,59.14708895,0,59.14708895,43.38301471,0,43.38301471,43.38301471,0,43.38301471,72.15838558,0,72.15838558,72.15838558,0,72.15838558,42.72479594,0,42.72479594,42.72479594,0,42.72479594,49.28496223,0,49.28496223,49.28496223,0,49.28496223,37.64599253,0,37.64599253,37.64599253,0,37.64599253,60.41078717,0,60.41078717,60.41078717,0,60.41078717,36.69901611,0,36.69901611,36.69901611,0,36.69901611,41.57606982,0,41.57606982,41.57606982,0,41.57606982,32.82161553,0,32.82161553,32.82161553,0,32.82161553,48.28963136,0,48.28963136,48.28963136,0,48.28963136,5.124867121,0,5.124867121,5.124867121,0,5.124867121,2.1648495,0,2.1648495,2.1648495,0,2.1648495,4.899431117,0,4.899431117,4.899431117,0,4.899431117,3.630089098,0,3.630089098,3.630089098,0,3.630089098,2.363370575,0,2.363370575,2.363370575,0,2.363370575,5.401558408,0,5.401558408,5.401558408,0,5.401558408,5.770456925,0,5.770456925,5.770456925,0,5.770456925,3.06485579,0,3.06485579,3.06485579,0,3.06485579,4.974365433,0,4.974365433,4.974365433,0,4.974365433,5.587135827,0,5.587135827,5.587135827,0,5.587135827,0.765476361,0,0.765476361,0.765476361,0,0.765476361,17.73913767,4.4812,-0.1127,-4.3685,3.0239,0.6461,1.0304,7.773282971,11.06821187,6.004189313,0,6.004189313,6.004189313,0,6.004189313,2.43403876,0,2.43403876,2.43403876,0,2.43403876,5.801490993,0,5.801490993,5.801490993,0,5.801490993,3.630089098,0,3.630089098,3.630089098,0,3.630089098,2.450760123,0,2.450760123,2.450760123,0,2.450760123,5.772484847,0,5.772484847,5.772484847,0,5.772484847,6.465384849,0,6.465384849,6.465384849,0,6.465384849,3.096001524,0,3.096001524,3.096001524,0,3.096001524,5.58117007,0,5.58117007,5.58117007,0,5.58117007
oxoammo64,0.917703819,0.86,0.935951699,0.957159757,63,67,68,-0.0675678,0.269512944,-0.28457,0,-0.28457,-0.28457,0,-0.28457,0.02539,0,0.02539,0.02539,0,0.02539,-0.12959,0,-0.12959,-0.12959,0,-0.12959,0.30996,0,0.30996,0.30996,0,0.30996,0.02709,0,0.02709,0.02709,0,0.02709,171.936,0,171.936,171.936,0,171.936,57.5016,0,57.5016,57.5016,0,57.5016,1.6384,0,1.6384,1.6384,0,1.6384,2157.222,0,2157.222,2157.222,0,2157.222,425.8015173,0,425.8015173,425.8015173,0,425.8015173,685.2311966,0,685.2311966,685.2311966,0,685.2311966,0.882744468,0,0.882744468,0.882744468,0,0.882744468,-0.84179,0,-0.84179,-0.84179,0,-0.84179,-0.07433,0,-0.07433,-0.07433,0,-0.07433,-0.03681,0,-0.03681,-0.03681,0,-0.03681,-0.60317,0,-0.60317,-0.60317,0,-0.60317,209.9616,0,209.9616,209.9616,0,209.9616,135.0453,0,135.0453,135.0453,0,135.0453,20.0311,0,20.0311,20.0311,0,20.0311,160.5498,0,160.5498,160.5498,0,160.5498,62.33238975,0,62.33238975,62.33238975,0,62.33238975,88.18813319,0,88.18813319,88.18813319,0,88.18813319,88.25145262,0,88.25145262,88.25145262,0,88.25145262,63.27100715,0,63.27100715,63.27100715,0,63.27100715,55.4096394,0,55.4096394,55.4096394,0,55.4096394,76.06282613,0,76.06282613,76.06282613,0,76.06282613,83.80194745,0,83.80194745,83.80194745,0,83.80194745,54.89540626,0,54.89540626,54.89540626,0,54.89540626,49.88711129,0,49.88711129,49.88711129,0,49.88711129,63.2250481,0,63.2250481,63.2250481,0,63.2250481,76.20181863,0,76.20181863,76.20181863,0,76.20181863,48.66318044,0,48.66318044,48.66318044,0,48.66318044,44.40805184,0,44.40805184,44.40805184,0,44.40805184,54.12225382,0,54.12225382,54.12225382,0,54.12225382,65.47765066,0,65.47765066,65.47765066,0,65.47765066,43.1057876,0,43.1057876,43.1057876,0,43.1057876,39.30773233,0,39.30773233,39.30773233,0,39.30773233,46.70343099,0,46.70343099,46.70343099,0,46.70343099,53.11287881,0,53.11287881,53.11287881,0,53.11287881,38.1614424,0,38.1614424,38.1614424,0,38.1614424,4.981150292,0,4.981150292,4.981150292,0,4.981150292,2.295588378,0,2.295588378,2.295588378,0,2.295588378,5.25904149,0,5.25904149,5.25904149,0,5.25904149,5.750720213,0,5.750720213,5.750720213,0,5.750720213,3.027377828,0,3.027377828,3.027377828,0,3.027377828,4.927888298,0,4.927888298,4.927888298,0,4.927888298,3.630624295,0,3.630624295,3.630624295,0,3.630624295,2.466083978,0,2.466083978,2.466083978,0,2.466083978,5.414225452,0,5.414225452,5.414225452,0,5.414225452,5.663135575,0,5.663135575,5.663135575,0,5.663135575,0.773467362,0,0.773467362,0.773467362,0,0.773467362,18.18032302,0.5976,3.4406,-4.0382,1.6642,1.329,0.8922,6.258239395,8.645450302,6.50386539,0,6.50386539,6.50386539,0,6.50386539,2.550463997,0,2.550463997,2.550463997,0,2.550463997,5.995775411,0,5.995775411,5.995775411,0,5.995775411,6.932790327,0,6.932790327,6.932790327,0,6.932790327,3.249328172,0,3.249328172,3.249328172,0,3.249328172,5.649172561,0,5.649172561,5.649172561,0,5.649172561,3.68073047,0,3.68073047,3.68073047,0,3.68073047,2.515633961,0,2.515633961,2.515633961,0,2.515633961,6.143886587,0,6.143886587,6.143886587,0,6.143886587
oxoammo68,0.637924484,0.45,0.162689671,1.301083782,37,14,81,-0.348324788,0.161368002,-0.26651,0,-0.26651,-0.26651,0,-0.26651,0.01577,0,0.01577,0.01577,0,0.01577,-0.12537,0,-0.12537,-0.12537,0,-0.12537,0.28228,0,0.28228,0.28228,0,0.28228,0.02784,0,0.02784,0.02784,0,0.02784,226.525,0,226.525,226.525,0,226.525,154.792,0,154.792,154.792,0,154.792,2.3188,0,2.3188,2.3188,0,2.3188,3042.233,0,3042.233,3042.233,0,3042.233,520.5122454,0,520.5122454,520.5122454,0,520.5122454,836.7423858,0,836.7423858,836.7423858,0,836.7423858,0.824988104,0,0.824988104,0.824988104,0,0.824988104,-0.84451,0,-0.84451,-0.84451,0,-0.84451,-0.05164,0,-0.05164,-0.05164,0,-0.05164,-0.04286,0,-0.04286,-0.04286,0,-0.04286,-0.40954,0,-0.40954,-0.40954,0,-0.40954,215.6816,0,215.6816,215.6816,0,215.6816,125.6407,0,125.6407,125.6407,0,125.6407,24.0513,0,24.0513,24.0513,0,24.0513,140.4699,0,140.4699,140.4699,0,140.4699,65.00484207,0,65.00484207,65.00484207,0,65.00484207,87.59870381,0,87.59870381,87.59870381,0,87.59870381,85.42628874,0,85.42628874,85.42628874,0,85.42628874,78.61945024,0,78.61945024,78.61945024,0,78.61945024,58.33954529,0,58.33954529,58.33954529,0,58.33954529,77.10585166,0,77.10585166,77.10585166,0,77.10585166,77.9928019,0,77.9928019,77.9928019,0,77.9928019,70.14361256,0,70.14361256,70.14361256,0,70.14361256,52.47385327,0,52.47385327,52.47385327,0,52.47385327,65.34083856,0,65.34083856,65.34083856,0,65.34083856,68.19059959,0,68.19059959,68.19059959,0,68.19059959,61.33775061,0,61.33775061,61.33775061,0,61.33775061,46.50106374,0,46.50106374,46.50106374,0,46.50106374,55.35613494,0,55.35613494,55.35613494,0,55.35613494,56.54985455,0,56.54985455,56.54985455,0,56.54985455,52.54238668,0,52.54238668,52.54238668,0,52.54238668,40.57424868,0,40.57424868,40.57424868,0,40.57424868,46.26253508,0,46.26253508,46.26253508,0,46.26253508,45.5060941,0,45.5060941,45.5060941,0,45.5060941,44.8866324,0,44.8866324,44.8866324,0,44.8866324,5.264793718,0,5.264793718,5.264793718,0,5.264793718,2.089030463,0,2.089030463,2.089030463,0,2.089030463,4.896063726,0,4.896063726,4.896063726,0,4.896063726,5.775694223,0,5.775694223,5.775694223,0,5.775694223,2.654111487,0,2.654111487,2.654111487,0,2.654111487,4.278460496,0,4.278460496,4.278460496,0,4.278460496,4.522972331,0,4.522972331,4.522972331,0,4.522972331,3.582897329,0,3.582897329,3.582897329,0,3.582897329,5.379739835,0,5.379739835,5.379739835,0,5.379739835,5.440689069,0,5.440689069,5.440689069,0,5.440689069,0.74930609,0,0.74930609,0.74930609,0,0.74930609,18.80460183,7.1126,0.4518,-7.5644,6.9366,2.7752,0.4859,14.83650418,22.32365437,6.197074697,0,6.197074697,6.197074697,0,6.197074697,3.213237681,0,3.213237681,3.213237681,0,3.213237681,6.702865873,0,6.702865873,6.702865873,0,6.702865873,6.455292814,0,6.455292814,6.455292814,0,6.455292814,2.654111487,0,2.654111487,2.654111487,0,2.654111487,4.494712272,0,4.494712272,4.494712272,0,4.494712272,5.195216124,0,5.195216124,5.195216124,0,5.195216124,3.839192867,0,3.839192867,3.839192867,0,3.839192867,5.796250459,0,5.796250459,5.796250459,0,5.796250459
oxoammo7,0.017697272,0.03,0.023091815,0,3,2,0,-1.4603782,0.012837225,-0.29627,0,-0.29627,-0.29627,0,-0.29627,-0.01876,0,-0.01876,-0.01876,0,-0.01876,-0.157515,0,-0.157515,-0.157515,0,-0.157515,0.27751,0,0.27751,0.27751,0,0.27751,0.0447,0,0.0447,0.0447,0,0.0447,128.44,0,128.44,128.44,0,128.44,95.7224,0,95.7224,95.7224,0,95.7224,6.9128,0,6.9128,6.9128,0,6.9128,1422.305,0,1422.305,1422.305,0,1422.305,357.6413504,0,357.6413504,357.6413504,0,357.6413504,522.0074077,0,522.0074077,522.0074077,0,522.0074077,0.876639111,0,0.876639111,0.876639111,0,0.876639111,-0.83219,0,-0.83219,-0.83219,0,-0.83219,-0.05334,0,-0.05334,-0.05334,0,-0.05334,-0.25622,0,-0.25622,-0.25622,0,-0.25622,-0.41111,0,-0.41111,-0.41111,0,-0.41111,229.5098,0,229.5098,229.5098,0,229.5098,152.2448,0,152.2448,152.2448,0,152.2448,158.5476,0,158.5476,158.5476,0,158.5476,165.0695,0,165.0695,165.0695,0,165.0695,55.5823525,0,55.5823525,55.5823525,0,55.5823525,70.10484952,0,70.10484952,70.10484952,0,70.10484952,75.0027935,0,75.0027935,75.0027935,0,75.0027935,61.2727205,0,61.2727205,61.2727205,0,61.2727205,45.93272456,0,45.93272456,45.93272456,0,45.93272456,55.65598211,0,55.65598211,55.65598211,0,55.65598211,63.01423313,0,63.01423313,63.01423313,0,63.01423313,50.40416511,0,50.40416511,50.40416511,0,50.40416511,38.1226336,0,38.1226336,38.1226336,0,38.1226336,41.93718577,0,41.93718577,41.93718577,0,41.93718577,49.6939203,0,49.6939203,49.6939203,0,49.6939203,40.42540811,0,40.42540811,40.42540811,0,40.42540811,31.75744616,0,31.75744616,31.75744616,0,31.75744616,32.77668027,0,32.77668027,32.77668027,0,32.77668027,38.93550278,0,38.93550278,38.93550278,0,38.93550278,32.38076372,0,32.38076372,32.38076372,0,32.38076372,26.0106903,0,26.0106903,26.0106903,0,26.0106903,26.32879758,0,26.32879758,26.32879758,0,26.32879758,30.77047397,0,30.77047397,30.77047397,0,30.77047397,26.11613478,0,26.11613478,26.11613478,0,26.11613478,4.596266111,0,4.596266111,4.596266111,0,4.596266111,1.924486269,0,1.924486269,1.924486269,0,1.924486269,4.708236931,0,4.708236931,4.708236931,0,4.708236931,5.530383822,0,5.530383822,5.530383822,0,5.530383822,1.986462866,0,1.986462866,1.986462866,0,1.986462866,4.190492661,0,4.190492661,4.190492661,0,4.190492661,3.593344656,0,3.593344656,3.593344656,0,3.593344656,1.775905683,0,1.775905683,1.775905683,0,1.775905683,5.43236425,0,5.43236425,5.43236425,0,5.43236425,2.871693406,0,2.871693406,2.871693406,0,2.871693406,0.422929709,0,0.422929709,0.422929709,0,0.422929709,17.24695873,-14.0586,9.8027,4.2559,-5.1279,-2.15,-1.2622,19.4131878,25.74569503,4.596266111,0,4.596266111,4.596266111,0,4.596266111,1.924486269,0,1.924486269,1.924486269,0,1.924486269,6.855516604,0,6.855516604,6.855516604,0,6.855516604,6.329753579,0,6.329753579,6.329753579,0,6.329753579,2.053715977,0,2.053715977,2.053715977,0,2.053715977,5.670547603,0,5.670547603,5.670547603,0,5.670547603,3.593344656,0,3.593344656,3.593344656,0,3.593344656,1.775905683,0,1.775905683,1.775905683,0,1.775905683,6.949918847,0,6.949918847,6.949918847,0,6.949918847
oxoammo69,0.88,0.88,,,,,,,,-0.28207,0,-0.28207,-0.28207,0,-0.28207,0.02469,0,0.02469,0.02469,0,0.02469,-0.12869,0,-0.12869,-0.12869,0,-0.12869,0.30676,0,0.30676,0.30676,0,0.30676,0.02699,0,0.02699,0.02699,0,0.02699,112.787,0,112.787,112.787,0,112.787,60.8407,0,60.8407,60.8407,0,60.8407,1.0881,0,1.0881,1.0881,0,1.0881,1377.185,0,1377.185,1377.185,0,1377.185,337.4113699,0,337.4113699,337.4113699,0,337.4113699,490.3272079,0,490.3272079,490.3272079,0,490.3272079,0.891213466,0,0.891213466,0.891213466,0,0.891213466,-0.83361,0,-0.83361,-0.83361,0,-0.83361,-0.06204,0,-0.06204,-0.06204,0,-0.06204,-0.03724,0,-0.03724,-0.03724,0,-0.03724,-0.59532,0,-0.59532,-0.59532,0,-0.59532,209.7668,0,209.7668,209.7668,0,209.7668,129.146,0,129.146,129.146,0,129.146,14.8312,0,14.8312,14.8312,0,14.8312,153.971,0,153.971,153.971,0,153.971,55.30020858,0,55.30020858,55.30020858,0,55.30020858,78.00953516,0,78.00953516,78.00953516,0,78.00953516,81.85991508,0,81.85991508,81.85991508,0,81.85991508,57.04242402,0,57.04242402,57.04242402,0,57.04242402,46.04745155,0,46.04745155,46.04745155,0,46.04745155,62.25191018,0,62.25191018,62.25191018,0,62.25191018,69.75400671,0,69.75400671,69.75400671,0,69.75400671,46.50694186,0,46.50694186,46.50694186,0,46.50694186,37.80336416,0,37.80336416,37.80336416,0,37.80336416,46.90467693,0,46.90467693,46.90467693,0,46.90467693,56.08900751,0,56.08900751,56.08900751,0,56.08900751,38.12379741,0,38.12379741,38.12379741,0,38.12379741,30.64187869,0,30.64187869,30.64187869,0,30.64187869,36.10900052,0,36.10900052,36.10900052,0,36.10900052,43.83357937,0,43.83357937,43.83357937,0,43.83357937,31.14932485,0,31.14932485,31.14932485,0,31.14932485,24.98462679,0,24.98462679,24.98462679,0,24.98462679,28.62847277,0,28.62847277,28.62847277,0,28.62847277,33.7883542,0,33.7883542,33.7883542,0,33.7883542,25.23434297,0,25.23434297,25.23434297,0,25.23434297,5.317500029,0,5.317500029,5.317500029,0,5.317500029,1.992594992,0,1.992594992,1.992594992,0,1.992594992,4.233805064,0,4.233805064,4.233805064,0,4.233805064,5.73305978,0,5.73305978,5.73305978,0,5.73305978,2.159664405,0,2.159664405,2.159664405,0,2.159664405,3.270866484,0,3.270866484,3.270866484,0,3.270866484,3.628759689,0,3.628759689,3.628759689,0,3.628759689,1.993463392,0,1.993463392,1.993463392,0,1.993463392,5.329085972,0,5.329085972,5.329085972,0,5.329085972,5.472197038,0,5.472197038,5.472197038,0,5.472197038,0.752212311,0,0.752212311,0.752212311,0,0.752212311,16.55073631,5.6356,-1.5835,-4.0521,-1.4388,3.1462,-0.2602,8.646376227,12.17575478,5.835991419,0,5.835991419,5.835991419,0,5.835991419,1.992594992,0,1.992594992,1.992594992,0,1.992594992,5.786057306,0,5.786057306,5.786057306,0,5.786057306,6.446540538,0,6.446540538,6.446540538,0,6.446540538,2.159664405,0,2.159664405,2.159664405,0,2.159664405,3.271362784,0,3.271362784,3.271362784,0,3.271362784,3.628759689,0,3.628759689,3.628759689,0,3.628759689,1.993463392,0,1.993463392,1.993463392,0,1.993463392,5.811312451,0,5.811312451,5.811312451,0,5.811312451
oxoammo9,0.007696502,0,0.011544753,0.011544753,0,1,1,0,0,-0.27475,0,-0.27475,-0.27475,0,-0.27475,0.05797,0,0.05797,0.05797,0,0.05797,-0.10839,0,-0.10839,-0.10839,0,-0.10839,0.33272,0,0.33272,0.33272,0,0.33272,0.01766,0,0.01766,0.01766,0,0.01766,71.6516,0,71.6516,71.6516,0,71.6516,4.65367,0,4.65367,4.65367,0,4.65367,1.1989,0,1.1989,1.1989,0,1.1989,939.856,0,939.856,939.856,0,939.856,258.4702121,0,258.4702121,258.4702121,0,258.4702121,358.4751673,0,358.4751673,358.4751673,0,358.4751673,0.944161621,0,0.944161621,0.944161621,0,0.944161621,-0.62997,0,-0.62997,-0.62997,0,-0.62997,-0.05973,0,-0.05973,-0.05973,0,-0.05973,-0.41033,0,-0.41033,-0.41033,0,-0.41033,-0.42384,0,-0.42384,-0.42384,0,-0.42384,202.3978,0,202.3978,202.3978,0,202.3978,125.4462,0,125.4462,125.4462,0,125.4462,144.7579,0,144.7579,144.7579,0,144.7579,147.3307,0,147.3307,147.3307,0,147.3307,63.84553784,0,63.84553784,63.84553784,0,63.84553784,74.31372914,0,74.31372914,74.31372914,0,74.31372914,67.15677145,0,67.15677145,67.15677145,0,67.15677145,67.29644666,0,67.29644666,67.29644666,0,67.29644666,54.04398062,0,54.04398062,54.04398062,0,54.04398062,61.3696189,0,61.3696189,61.3696189,0,61.3696189,56.97388651,0,56.97388651,56.97388651,0,56.97388651,56.22204622,0,56.22204622,56.22204622,0,56.22204622,43.35779902,0,43.35779902,43.35779902,0,43.35779902,47.17506672,0,47.17506672,47.17506672,0,47.17506672,46.07061945,0,46.07061945,46.07061945,0,46.07061945,44.51151387,0,44.51151387,44.51151387,0,44.51151387,33.97175669,0,33.97175669,33.97175669,0,33.97175669,35.54185481,0,35.54185481,35.54185481,0,35.54185481,35.16113451,0,35.16113451,35.16113451,0,35.16113451,34.31150139,0,34.31150139,34.31150139,0,34.31150139,25.54279272,0,25.54279272,25.54279272,0,25.54279272,25.96161427,0,25.96161427,25.96161427,0,25.96161427,25.8400082,0,25.8400082,25.8400082,0,25.8400082,25.75742645,0,25.75742645,25.75742645,0,25.75742645,4.594824698,0,4.594824698,4.594824698,0,4.594824698,1.896007195,0,1.896007195,1.896007195,0,1.896007195,4.327050162,0,4.327050162,4.327050162,0,4.327050162,4.124152111,0,4.124152111,4.124152111,0,4.124152111,1.948788746,0,1.948788746,1.948788746,0,1.948788746,4.263793231,0,4.263793231,4.263793231,0,4.263793231,3.969692106,0,3.969692106,3.969692106,0,3.969692106,1.895893093,0,1.895893093,1.895893093,0,1.895893093,4.349921411,0,4.349921411,4.349921411,0,4.349921411,5.614957553,0,5.614957553,5.614957553,0,5.614957553,0.758433071,0,0.758433071,0.758433071,0,0.758433071,14.95719282,-2.295,0.1455,2.1495,-1.9873,1.1375,0.9519,4.712463029,7.194380109,4.594824698,0,4.594824698,4.594824698,0,4.594824698,1.896007195,0,1.896007195,1.896007195,0,1.896007195,4.327050162,0,4.327050162,4.327050162,0,4.327050162,4.124152111,0,4.124152111,4.124152111,0,4.124152111,1.948788746,0,1.948788746,1.948788746,0,1.948788746,4.263793231,0,4.263793231,4.263793231,0,4.263793231,3.969692106,0,3.969692106,3.969692106,0,3.969692106,1.895893093,0,1.895893093,1.895893093,0,1.895893093,4.349921411,0,4.349921411,4.349921411,0,4.349921411
oxoammo27,0.664710211,0.357320821,0.818404906,0.818404906,30,61,61,-0.446941676,0.132682511,-0.31557,0,-0.31557,-0.31557,0,-0.31557,-0.01459,0,-0.01459,-0.01459,0,-0.01459,-0.16508,0,-0.16508,-0.16508,0,-0.16508,0.30098,0,0.30098,0.30098,0,0.30098,0.04527,0,0.04527,0.04527,0,0.04527,150.622,0,150.622,150.622,0,150.622,85.3969,0,85.3969,85.3969,0,85.3969,6.2899,0,6.2899,6.2899,0,6.2899,1778.475,0,1778.475,1778.475,0,1778.475,415.5186906,0,415.5186906,415.5186906,0,415.5186906,634.7353378,0,634.7353378,634.7353378,0,634.7353378,0.859584705,0,0.859584705,0.859584705,0,0.859584705,-0.83313,0,-0.83313,-0.83313,0,-0.83313,-0.06836,0,-0.06836,-0.06836,0,-0.06836,-0.59542,0,-0.59542,-0.59542,0,-0.59542,0.00103,0,0.00103,0.00103,0,0.00103,210.7452,0,210.7452,210.7452,0,210.7452,128.8583,0,128.8583,128.8583,0,128.8583,154.3792,0,154.3792,154.3792,0,154.3792,4.2983,0,4.2983,4.2983,0,4.2983,55.42126043,0,55.42126043,55.42126043,0,55.42126043,78.02443385,0,78.02443385,78.02443385,0,78.02443385,57.21282777,0,57.21282777,57.21282777,0,57.21282777,81.92230334,0,81.92230334,81.92230334,0,81.92230334,46.08763511,0,46.08763511,46.08763511,0,46.08763511,62.28918189,0,62.28918189,62.28918189,0,62.28918189,46.67815878,0,46.67815878,46.67815878,0,46.67815878,69.90542303,0,69.90542303,69.90542303,0,69.90542303,37.82043324,0,37.82043324,37.82043324,0,37.82043324,46.95278071,0,46.95278071,46.95278071,0,46.95278071,38.28440196,0,38.28440196,38.28440196,0,38.28440196,56.30392279,0,56.30392279,56.30392279,0,56.30392279,30.65680358,0,30.65680358,30.65680358,0,30.65680358,36.15703152,0,36.15703152,36.15703152,0,36.15703152,31.28202067,0,31.28202067,31.28202067,0,31.28202067,44.55404437,0,44.55404437,44.55404437,0,44.55404437,25.01359938,0,25.01359938,25.01359938,0,25.01359938,28.66946801,0,28.66946801,28.66946801,0,28.66946801,25.33643688,0,25.33643688,25.33643688,0,25.33643688,35.21471256,0,35.21471256,35.21471256,0,35.21471256,5.338724834,0,5.338724834,5.338724834,0,5.338724834,1.990022027,0,1.990022027,1.990022027,0,1.990022027,4.228404783,0,4.228404783,4.228404783,0,4.228404783,3.629289831,0,3.629289831,3.629289831,0,3.629289831,1.994603335,0,1.994603335,1.994603335,0,1.994603335,5.34798977,0,5.34798977,5.34798977,0,5.34798977,5.723045364,0,5.723045364,5.723045364,0,5.723045364,2.14742565,0,2.14742565,2.14742565,0,2.14742565,3.274423308,0,3.274423308,3.274423308,0,3.274423308,5.447228323,0,5.447228323,5.447228323,0,5.447228323,0.749382652,0,0.749382652,0.749382652,0,0.749382652,18.13112058,7.6978,-3.4241,-4.2737,6.7871,-5.9421,-0.6024,15.89708862,24.98568857,5.870122083,0,5.870122083,5.870122083,0,5.870122083,1.990022027,0,1.990022027,1.990022027,0,1.990022027,5.802163036,0,5.802163036,5.802163036,0,5.802163036,3.629289831,0,3.629289831,3.629289831,0,3.629289831,1.994603335,0,1.994603335,1.994603335,0,1.994603335,5.77590117,0,5.77590117,5.77590117,0,5.77590117,6.392063662,0,6.392063662,6.392063662,0,6.392063662,2.14742565,0,2.14742565,2.14742565,0,2.14742565,3.275496097,0,3.275496097,3.275496097,0,3.275496097
oxoammo51,0.962809441,0.6,0.588843967,1.699584356,48,47,90,-0.2191412,0.204119983,-0.28423,0,-0.28423,-0.28423,0,-0.28423,0.02412,0,0.02412,0.02412,0,0.02412,-0.130055,0,-0.130055,-0.130055,0,-0.130055,0.30835,0,0.30835,0.30835,0,0.30835,0.02743,0,0.02743,0.02743,0,0.02743,123.644,0,123.644,123.644,0,123.644,55.3095,0,55.3095,55.3095,0,55.3095,1.6158,0,1.6158,1.6158,0,1.6158,1561.843,0,1561.843,1561.843,0,1561.843,343.3516632,0,343.3516632,343.3516632,0,343.3516632,516.8627607,0,516.8627607,516.8627607,0,516.8627607,0.907113849,0,0.907113849,0.907113849,0,0.907113849,-0.83446,0,-0.83446,-0.83446,0,-0.83446,-0.06675,0,-0.06675,-0.06675,0,-0.06675,-0.03233,0,-0.03233,-0.03233,0,-0.03233,-0.59721,0,-0.59721,-0.59721,0,-0.59721,210.3783,0,210.3783,210.3783,0,210.3783,132.7939,0,132.7939,132.7939,0,132.7939,19.7463,0,19.7463,19.7463,0,19.7463,162.7087,0,162.7087,162.7087,0,162.7087,59.6897348,0,59.6897348,59.6897348,0,59.6897348,83.1709997,0,83.1709997,83.1709997,0,83.1709997,85.23353695,0,85.23353695,85.23353695,0,85.23353695,60.45049911,0,60.45049911,60.45049911,0,60.45049911,51.31557492,0,51.31557492,51.31557492,0,51.31557492,69.52455274,0,69.52455274,69.52455274,0,69.52455274,77.68356318,0,77.68356318,77.68356318,0,77.68356318,50.8543375,0,50.8543375,50.8543375,0,50.8543375,43.9536652,0,43.9536652,43.9536652,0,43.9536652,55.24369996,0,55.24369996,55.24369996,0,55.24369996,67.02097946,0,67.02097946,67.02097946,0,67.02097946,43.23831544,0,43.23831544,43.23831544,0,43.23831544,36.80097256,0,36.80097256,36.80097256,0,36.80097256,44.52365188,0,44.52365188,44.52365188,0,44.52365188,53.57546023,0,53.57546023,53.57546023,0,53.57546023,36.6460251,0,36.6460251,36.6460251,0,36.6460251,30.64729116,0,30.64729116,30.64729116,0,30.64729116,35.89547003,0,35.89547003,35.89547003,0,35.89547003,40.21711709,0,40.21711709,40.21711709,0,40.21711709,30.98057456,0,30.98057456,30.98057456,0,30.98057456,5.251449602,0,5.251449602,5.251449602,0,5.251449602,2.008591197,0,2.008591197,2.008591197,0,2.008591197,4.546845981,0,4.546845981,4.546845981,0,4.546845981,5.774497477,0,5.774497477,5.774497477,0,5.774497477,2.671905267,0,2.671905267,2.671905267,0,2.671905267,4.28046608,0,4.28046608,4.28046608,0,4.28046608,3.630063827,0,3.630063827,3.630063827,0,3.630063827,2.063934078,0,2.063934078,2.063934078,0,2.063934078,5.374340961,0,5.374340961,5.374340961,0,5.374340961,5.533323586,0,5.533323586,5.533323586,0,5.533323586,0.75932473,0,0.75932473,0.75932473,0,0.75932473,17.16571443,2.4251,0.5341,-2.9592,-2.6117,1.7344,-0.9436,6.0301111,9.311383541,6.18591645,0,6.18591645,6.18591645,0,6.18591645,2.094610673,0,2.094610673,2.094610673,0,2.094610673,5.812900565,0,5.812900565,5.812900565,0,5.812900565,6.925963241,0,6.925963241,6.925963241,0,6.925963241,2.671905267,0,2.671905267,2.671905267,0,2.671905267,4.495918976,0,4.495918976,4.495918976,0,4.495918976,3.630063827,0,3.630063827,3.630063827,0,3.630063827,2.063934078,0,2.063934078,2.063934078,0,2.063934078,6.183094163,0,6.183094163,6.183094163,0,6.183094163
oxoammo45,1.457432176,1.301083782,1.371628389,1.699584356,81,83,90,0.114305264,0.361932432,-0.28733,0,-0.28733,-0.28733,0,-0.28733,-0.01906,0,-0.01906,-0.01906,0,-0.01906,-0.153195,0,-0.153195,-0.153195,0,-0.153195,0.26827,0,0.26827,0.26827,0,0.26827,0.04374,0,0.04374,0.04374,0,0.04374,214.684,0,214.684,214.684,0,214.684,141.181,0,141.181,141.181,0,141.181,4.5869,0,4.5869,4.5869,0,4.5869,2184.872,0,2184.872,2184.872,0,2184.872,526.1199129,0,526.1199129,526.1199129,0,526.1199129,847.2238717,0,847.2238717,847.2238717,0,847.2238717,0.822996853,0,0.822996853,0.822996853,0,0.822996853,-0.84504,0,-0.84504,-0.84504,0,-0.84504,-0.04962,0,-0.04962,-0.04962,0,-0.04962,-0.04876,0,-0.04876,-0.04876,0,-0.04876,-0.41972,0,-0.41972,-0.41972,0,-0.41972,214.4666,0,214.4666,214.4666,0,214.4666,127.5074,0,127.5074,127.5074,0,127.5074,25.5847,0,25.5847,25.5847,0,25.5847,142.7631,0,142.7631,142.7631,0,142.7631,65.44621573,0,65.44621573,65.44621573,0,65.44621573,87.55307658,0,87.55307658,87.55307658,0,87.55307658,85.5557211,0,85.5557211,85.5557211,0,85.5557211,78.45835816,0,78.45835816,78.45835816,0,78.45835816,58.65460772,0,58.65460772,58.65460772,0,58.65460772,77.10410455,0,77.10410455,77.10410455,0,77.10410455,78.06734532,0,78.06734532,78.06734532,0,78.06734532,70.0323798,0,70.0323798,70.0323798,0,70.0323798,52.68411334,0,52.68411334,52.68411334,0,52.68411334,65.33424368,0,65.33424368,65.33424368,0,65.33424368,68.19215133,0,68.19215133,68.19215133,0,68.19215133,61.28343989,0,61.28343989,61.28343989,0,61.28343989,46.58925625,0,46.58925625,46.58925625,0,46.58925625,55.30620441,0,55.30620441,55.30620441,0,55.30620441,56.5487691,0,56.5487691,56.5487691,0,56.5487691,52.41240448,0,52.41240448,52.41240448,0,52.41240448,40.56715335,0,40.56715335,40.56715335,0,40.56715335,46.18823121,0,46.18823121,46.18823121,0,46.18823121,45.52797137,0,45.52797137,45.52797137,0,45.52797137,44.60419886,0,44.60419886,44.60419886,0,44.60419886,5.268527916,0,5.268527916,5.268527916,0,5.268527916,2.088521372,0,2.088521372,2.088521372,0,2.088521372,4.834199135,0,4.834199135,4.834199135,0,4.834199135,5.773408773,0,5.773408773,5.773408773,0,5.773408773,2.621694218,0,2.621694218,2.621694218,0,2.621694218,4.279295646,0,4.279295646,4.279295646,0,4.279295646,4.476225337,0,4.476225337,4.476225337,0,4.476225337,3.623416478,0,3.623416478,3.623416478,0,3.623416478,5.387331331,0,5.387331331,5.387331331,0,5.387331331,5.441487083,0,5.441487083,5.441487083,0,5.441487083,0.74936873,0,0.74936873,0.74936873,0,0.74936873,18.75757085,-12.7235,8.5647,4.1588,-9.6078,0.5908,0.5084,20.93733096,30.59917891,6.204148589,0,6.204148589,6.204148589,0,6.204148589,3.153868379,0,3.153868379,3.153868379,0,3.153868379,6.605596389,0,6.605596389,6.605596389,0,6.605596389,6.452838297,0,6.452838297,6.452838297,0,6.452838297,2.621694218,0,2.621694218,2.621694218,0,2.621694218,4.495664031,0,4.495664031,4.495664031,0,4.495664031,5.143130175,0,5.143130175,5.143130175,0,5.143130175,3.767299362,0,3.767299362,3.767299362,0,3.767299362,5.803678447,0,5.803678447,5.803678447,0,5.803678447
oxoammo70,1.05,1.05,,,,,,,,-0.24034,0,-0.24034,-0.24034,0,-0.24034,-0.04128,0,-0.04128,-0.04128,0,-0.04128,-0.14081,0,-0.14081,-0.14081,0,-0.14081,0.19906,0,0.19906,0.19906,0,0.19906,0.0498,0,0.0498,0.0498,0,0.0498,277.938,0,277.938,277.938,0,277.938,168.827,0,168.827,168.827,0,168.827,1.6778,0,1.6778,1.6778,0,1.6778,2410.43,0,2410.43,2410.43,0,2410.43,540.9236568,0,540.9236568,540.9236568,0,540.9236568,873.3729564,0,873.3729564,873.3729564,0,873.3729564,0.81686065,0,0.81686065,0.81686065,0,0.81686065,-0.83328,0,-0.83328,-0.83328,0,-0.83328,-0.06321,0,-0.06321,-0.06321,0,-0.06321,-0.59521,0,-0.59521,-0.59521,0,-0.59521,-0.02744,0,-0.02744,-0.02744,0,-0.02744,210.1045,0,210.1045,210.1045,0,210.1045,128.8675,0,128.8675,128.8675,0,128.8675,153.8205,0,153.8205,153.8205,0,153.8205,12.1417,0,12.1417,12.1417,0,12.1417,55.37563319,0,55.37563319,55.37563319,0,55.37563319,78.00487932,0,78.00487932,78.00487932,0,78.00487932,57.10388111,0,57.10388111,57.10388111,0,57.10388111,81.94465137,0,81.94465137,81.94465137,0,81.94465137,46.08122903,0,46.08122903,46.08122903,0,46.08122903,62.2554044,0,62.2554044,62.2554044,0,62.2554044,46.55469624,0,46.55469624,46.55469624,0,46.55469624,70.63920984,0,70.63920984,70.63920984,0,70.63920984,37.83013159,0,37.83013159,37.83013159,0,37.83013159,46.90467693,0,46.90467693,46.90467693,0,46.90467693,38.18121159,0,38.18121159,38.18121159,0,38.18121159,58.10820247,0,58.10820247,58.10820247,0,58.10820247,30.66277353,0,30.66277353,30.66277353,0,30.66277353,36.33178838,0,36.33178838,36.33178838,0,36.33178838,31.35610238,0,31.35610238,31.35610238,0,31.35610238,46.91760377,0,46.91760377,46.91760377,0,46.91760377,25.12042351,0,25.12042351,25.12042351,0,25.12042351,29.31120116,0,29.31120116,29.31120116,0,29.31120116,25.68075747,0,25.68075747,25.68075747,0,25.68075747,37.48817445,0,37.48817445,37.48817445,0,37.48817445,5.327202794,0,5.327202794,5.327202794,0,5.327202794,1.991936633,0,1.991936633,1.991936633,0,1.991936633,4.232745082,0,4.232745082,4.232745082,0,4.232745082,3.628879483,0,3.628879483,3.628879483,0,3.628879483,1.993752243,0,1.993752243,1.993752243,0,1.993752243,5.336375839,0,5.336375839,5.336375839,0,5.336375839,5.731879526,0,5.731879526,5.731879526,0,5.731879526,2.151459667,0,2.151459667,2.151459667,0,2.151459667,3.271918917,0,3.271918917,3.271918917,0,3.271918917,5.464515335,0,5.464515335,5.464515335,0,5.464515335,0.75133582,0,0.75133582,0.75133582,0,0.75133582,20.16862344,13.698,0.6022,-14.3002,-5.0161,3.4136,-0.0704,21.59007479,28.45441328,5.850436895,0,5.850436895,5.850436895,0,5.850436895,1.991936633,0,1.991936633,1.991936633,0,1.991936633,5.791358394,0,5.791358394,5.791358394,0,5.791358394,3.628879483,0,3.628879483,3.628879483,0,3.628879483,1.993752243,0,1.993752243,1.993752243,0,1.993752243,7.226650629,0,7.226650629,7.226650629,0,7.226650629,7.929256866,0,7.929256866,7.929256866,0,7.929256866,2.882867333,0,2.882867333,2.882867333,0,2.882867333,3.730702847,0,3.730702847,3.730702847,0,3.730702847